cif,category,turnover,transaction_count,io_ratio,age,nationality,is_pep,inactive_days_average,inactive_days_max,n_of_accounts,distinct_counterparties,channel_risk,atm_withdrawal,atm_deposit
90000000,0,217673.05,125,0.304,40,123,0,1.66,88,1,3,0.25474189,1937.15,2161.790028
90000001,0,57.42,20,0.25,17,90,0,7.32,88,4,6,0.393173731,4.96,0.893865885
90000002,0,1465076.9,1,0,66,123,0,24.08,25,2,1,0.422991088,0,229.3334937
90000003,0,429840.54,46,0.239130435,43,90,0,3.88,86,2,17,0.296019138,43123.33,3121.939606
90000004,2,93356190.65,63,0.365079365,0,186,0,2.77,100,1,1,0.06751067,1814340.25,603026.5457
90000005,1,2184990.99,3,0.333333333,0,82,0,51.96,52,2,1,0.311206214,0.87,2670.491478
90000006,0,4167131.89,1,0,24,90,0,95.21,191,4,1,0.381140371,0,13631.84372
90000007,0,262677.51,116,0.293103448,81,32,0,1.45,79,3,31,0.33200854,4350.01,509.511369
90000008,0,246426.41,1,0,62,123,0,138.96,139,2,1,0.265417839,246426.41,2775.553171
90000009,0,316275.4,2,0.5,15,32,0,29.92,90,2,1,0.06982525,1570.02,4092.613338
90000010,0,127244.58,59,0.288135593,48,166,0,3.6,101,2,3,0.502977899,4038.27,0.207510968
90000011,0,10715.1,1,0,73,32,0,142.94,143,2,1,0.287336961,0,76.82929413
90000012,0,1865914.66,7,0.285714286,55,125,0,21.26,149,4,1,0.486536545,3101.28,22912.35871
90000013,1,607225.39,73,0.383561644,0,123,0,2.83,125,2,45,0.119088716,81585.26,4569.728605
90000014,2,22238680.38,175,0.451428571,0,186,0,1.07,91,2,43,0.195255274,6329.61,14152.69344
90000015,0,99683.17,5,0.2,23,123,0,21.37,43,1,1,0.120751408,9015.61,323.610805
90000016,0,383869.34,176,0.301136364,38,123,0,1.02,85,3,110,0.158972437,6931.94,768.2314719
90000017,0,304517.63,211,0.312796209,20,32,0,0.91,97,4,44,0.115033453,36340.91,56.2166212
90000018,0,6758807.43,1,0,45,125,0,35.84,72,1,1,0.066226099,0,17503.41598
90000019,0,56020.68,1,1,52,123,0,69.5,70,3,1,0.223770812,422.36,0
90000020,2,11643963.08,3,0.333333333,0,186,0,22.55,91,2,1,0.200455268,643.2,3009.428436
90000021,0,397223.21,1,0,69,125,0,153.98,308,2,1,0.126965749,397223.21,5575.231695
90000022,1,471705.58,232,0.318965517,0,125,0,0.78,96,2,41,0.656654812,23377.42,80.29822715
90000023,0,658330.33,1,1,14,123,0,81.87,82,1,1,0.076114667,20.26,0
90000024,0,28663.78,1,0,35,90,0,132.26,133,2,1,0.190888281,0,166.2776039
90000025,0,242824.59,2,0.5,17,90,0,53.65,108,2,1,0.213189176,17083.07,96.95276765
90000026,1,1048892.93,3,0.333333333,0,32,0,41.87,84,1,1,0.547248833,60776.44,8337.593029
90000027,0,340435.28,1,0,44,32,0,10.71,22,2,1,0.501948437,0,156.2352879
90000028,0,767598.7,2,0,22,82,0,74.9,150,2,1,0.218999479,0,1456.015838
90000029,1,138355.99,172,0.412790698,0,33,0,1.02,100,4,96,0.1112365,3229.4,149.5326308
90000030,0,533176.31,5,0.6,25,90,0,60.52,243,3,2,0.024230831,382.18,1187.529342
90000031,0,115204.98,2,0.5,74,82,0,37.31,75,3,1,0.225439885,15799.97,330.183237
90000032,0,11016.13,1,1,24,123,0,42.36,43,2,1,0.200364891,2441.55,0
90000033,0,1445303.8,88,0.272727273,72,32,0,1.89,82,2,17,0.142664661,16376.69,13078.95181
90000034,0,150493.93,29,0.275862069,33,82,0,4.17,76,2,7,0.070633613,633.93,953.2235176
90000035,0,1231607.83,64,0.265625,29,82,0,2.78,92,2,3,0.207759806,175016.03,13149.16487
90000036,0,3042.54,67,0.313432836,78,125,0,2.29,74,1,7,0.188590843,920.14,16.23394752
90000037,1,848748.04,1,0,0,90,0,122.39,123,2,1,0.12487999,848748.04,4349.019733
90000038,1,20113.58,1,0,0,32,0,40.36,81,1,1,0.725138824,20113.58,498.9921664
90000039,0,452487.63,16,0.5,23,90,1,11.38,69,1,1,0.219210532,30504.24,1610.294814
90000040,0,409816.02,1,1,48,32,0,30.01,61,2,1,0.331388667,114558.64,0
90000041,0,1657166.62,77,0.337662338,71,125,0,2.08,90,2,31,0.425484301,43660.29,13044.74688
90000042,1,504451.25,1,0,0,32,0,365.53,366,1,1,0.575728898,504451.25,2089.544445
90000043,2,4114132.02,7,0.285714286,0,125,0,23.73,95,2,1,0.145188654,29767.63,3190.201354
90000044,0,877439.13,8,0.625,18,32,0,29.9,240,2,1,0.541416524,5962.5,2459.159644
90000045,1,645256.5,6,0.5,0,82,0,28.39,142,2,1,0.126509538,3970.11,88.87910054
90000046,2,1262904873,1,0,0,32,0,110.33,111,2,1,0.108771987,1262904873,2279622.374
90000047,0,77018.23,12,0.333333333,53,32,0,11.8,95,2,1,0.213461579,18853,168.4197509
90000048,1,554127.51,1,0,0,186,0,39.35,79,4,1,0.619980673,0,11591.01821
90000049,1,3018079.93,1,1,0,90,0,24.03,49,1,1,0.07349263,60302.09,0
90000050,0,96508.05,10,0.4,67,125,0,24.91,175,2,2,0.179186267,375.27,607.0361017
90000051,0,532462.34,1,1,38,90,0,11.99,24,1,1,0.081074009,6439.4,0
90000052,2,136606.44,1,0,0,186,0,59.05,119,3,1,0.056016699,136606.44,544.3999319
90000053,2,296794.17,2,0.5,0,123,0,80.83,243,1,1,0.524554033,70947.99,1565.505999
90000054,0,376419.24,115,0.330434783,81,123,0,1.61,107,2,4,0.163190928,2816.31,6102.506736
90000055,2,545760413.2,7,0.285714286,0,32,0,17.18,121,1,1,0.071151076,0,41428.72639
90000056,0,713607.93,78,0.269230769,59,123,0,2.09,69,2,2,0.428284582,52553.01,48.59415803
90000057,0,374700.56,18,0.166666667,37,32,0,9.65,49,2,11,0.206710793,2038.81,7999.161889
90000058,0,852903.79,5,0.4,37,125,0,33.4,168,3,2,0.12901016,51786.75,7763.000564
90000059,0,217714.05,1,1,56,123,0,45.03,46,2,1,0.335578266,11735.96,0
90000060,0,603336.82,3,0,72,32,0,50.81,102,2,1,0.126902904,0,7.415452847
90000061,0,2910.09,3,0.666666667,25,123,0,49.64,149,2,1,0.049496214,287.21,7.446673426
90000062,0,263529.6,146,0.273972603,37,123,0,1.26,80,4,2,0.150131819,7322.15,336.4957883
90000063,0,289575.63,4,0.5,78,32,0,44.87,180,1,1,0.125864784,2056.3,557.3185012
90000064,2,80677906.22,2,0,0,90,0,24.6,25,2,2,0.129193883,80677906.22,520105.7919
90000065,0,127633.19,6,0.5,69,123,0,11.11,67,2,1,0.215431603,30581.35,79.51976186
90000066,1,4890514.42,2,1,0,125,0,64.82,130,3,1,0.340410814,19057.54,0
90000067,1,432759.7,1,0,0,82,0,30.02,61,5,1,0.453799856,432759.7,193.5585024
90000068,0,7578.14,3,0,49,90,0,69.16,70,5,1,0.435201666,7578.14,88.32517934
90000069,1,978835.9,2,0,0,123,0,64.32,129,1,1,0.312578642,0,102.0707926
90000070,0,713473.96,19,0.421052632,19,32,0,9.27,93,2,17,0.23634894,1216.98,79.49489092
90000071,0,268978.18,106,0.396226415,47,90,0,1.66,97,2,20,0.591692212,13926.3,85.74074355
90000072,0,302296.44,2,0,50,82,0,60.04,121,3,1,0.317311881,0,9899.298902
90000073,0,46886.25,96,0.375,55,166,0,2.14,125,1,15,0.433459865,992.36,5.841850785
90000074,0,648377.4,1,1,52,123,0,66.57,134,2,1,0.272124243,66700.65,0
90000075,0,110379.58,1,0,42,32,0,62.62,126,1,1,0.421214875,0,32.22106099
90000076,0,2877182.81,1,1,35,123,0,35.06,71,2,1,0.308998839,0.03,0
90000077,0,10243.5,1,1,51,123,0,43.34,44,1,1,0.318328636,1350.99,0
90000078,2,10273561.56,1,0,0,125,0,66.6,134,2,1,0.381981433,10273561.56,34317.79326
90000079,0,92795.22,1,0,47,82,0,105.98,106,1,1,0.179664519,0,2338.249235
90000080,1,1042191.48,2,0.5,0,82,0,17.99,36,3,1,0.207536525,17.41,3985.917258
90000081,0,11302335.86,66,0.257575758,61,90,1,2.37,93,3,24,0.276962904,567006.89,21507.73964
90000082,1,2982107.33,20,0.35,0,82,0,5.16,52,1,2,0.304364473,2849.84,556.4944793
90000083,0,207148.13,2,1,30,32,0,12.44,25,2,1,0.26479925,55154.56,0
90000084,2,901394730,3,0.333333333,0,125,0,8.68,35,1,2,0.332670504,0.09,1926810.611
90000085,0,394975.02,3,0.666666667,41,90,0,57.1,172,3,1,0.302004439,49.92,672.2696811
90000086,0,3441833.64,2,0.5,55,90,0,14.78,45,2,1,0.472066426,2799.3,1.772656053
90000087,1,742235.74,86,0.488372093,0,33,0,2.09,82,1,18,0.497307758,127008.99,11309.67977
90000088,1,185095.58,3,0.333333333,0,186,0,23.55,95,1,1,0.041845537,6454.4,931.6590557
90000089,0,1420790.1,6,0.5,41,186,0,27.89,140,4,2,0.008668147,58637.41,941.8167404
90000090,0,90746.37,2,1,57,123,0,76.28,153,2,1,0.174355312,516.08,0
90000091,0,2650268.85,90,0.344444444,48,125,0,2.16,106,1,4,0.171754655,43005.71,7969.525958
90000092,0,426999.74,43,0.23255814,53,82,0,3.74,68,2,5,0.166466975,2037.01,814.2767302
90000093,0,592817.73,4,0.25,53,133,0,84.96,425,2,1,0.082292893,2687.44,1019.842837
90000094,2,497079.7,20,0.25,0,123,0,5.18,63,3,1,0.214671626,14517.19,3133.204588
90000095,0,11576.52,4,0.5,56,82,0,19.9,100,1,2,0.114431364,1202.72,107.9249141
90000096,0,163886.62,1,1,33,90,0,183.19,367,1,1,0.113992534,80.61,0
90000097,0,328641.07,2,0.5,58,186,0,72.05,217,4,1,0.245482044,7923.83,1740.686545
90000098,0,77.68,15,0.2,26,82,0,11.68,106,2,2,0.029602357,46.05,0.025023014
90000099,1,6147.16,106,0.367924528,0,125,0,1.85,87,2,1,0.13644747,658.88,13.61153546
90000100,0,1754229.52,1,0,58,82,0,10.66,11,5,1,0.099538768,1754229.52,73.88901783
90000101,1,54622.07,1,1,0,82,0,77.27,155,2,1,0.031436457,1968.21,0
90000102,0,181586.92,32,0.21875,38,123,0,4.85,73,2,2,0.191517624,10840.2,555.3778154
90000103,0,482368.59,2,0,27,32,0,82.58,83,1,1,0.136542648,0,1995.251185
90000104,0,807154.77,29,0.379310345,33,123,0,8.29,133,2,6,0.007837177,2530.49,144.4247883
90000105,2,47333773.89,2,0,0,90,0,26.57,54,1,1,0.138958112,0,85065.93231
90000106,0,17077.68,2,0.5,78,90,0,67.3,68,1,1,0.062734654,156.26,10.28776316
90000107,0,176683.8,7,0.142857143,72,125,0,11.81,83,3,1,0.086916563,2554.57,1873.766417
90000108,0,64197.33,59,0.254237288,64,90,0,4.03,138,3,5,0.364170086,4303.03,202.3098183
90000109,1,2069503.18,1,0,0,32,0,43.51,88,1,1,0.408726949,2069503.18,2196.760077
90000110,0,26867.06,56,0.392857143,45,186,0,2.56,49,1,1,0.247563465,826.08,1.275977328
90000111,0,2885605.95,1,0,63,82,0,114.18,229,3,1,0.068506906,0,25016.67364
90000112,0,1530470.24,80,0.35,60,82,0,2.62,103,3,11,0.180309074,48194.78,1157.535482
90000113,0,1158534.05,1,1,66,123,0,38.62,39,1,1,0.106406813,672.74,0
90000114,0,967024.85,36,0.277777778,69,186,0,5.27,116,1,4,0.080812712,63035.73,1747.163665
90000115,0,199017.54,41,0.243902439,29,133,0,4.73,123,2,6,0.189846935,148.47,1266.346084
90000116,2,58457830.53,3,0.666666667,0,32,0,11.51,24,2,1,0.158957645,450388.82,10130.28427
90000117,1,677470.9,1,0,0,90,0,69.03,70,1,1,0.170356969,677470.9,7858.892454
90000118,0,107163.36,17,0.117647059,31,123,0,12.02,85,5,2,0.040899695,6685.23,141.6263605
90000119,1,3507.89,4,0.25,0,90,0,18.46,74,2,1,0.009626338,1010.94,2.630487497
90000120,0,893824.29,209,0.315789474,61,123,0,0.87,87,2,2,0.218548604,35586.09,54.41379017
90000121,0,6041016.95,2,1,33,32,0,43.56,44,1,1,0.372387349,0.01,0
90000122,0,927964.38,2,0.5,43,90,0,47.27,95,1,1,0.177772849,140.8,10497.77704
90000123,1,348.58,1,0,0,90,0,164.79,165,3,1,0.49706659,348.58,0.247854477
90000124,1,8091190.18,4,0.5,0,125,0,41.22,83,2,4,0.73125746,22.5,1031.311099
90000125,0,63872.93,1,0,17,32,0,66.41,67,2,1,0.127987416,0,15.16005853
90000126,0,1856060.2,74,0.297297297,17,33,0,2.53,89,1,8,0.026836547,15050.5,20252.69553
90000127,0,899795.92,42,0.333333333,18,166,0,5.95,167,1,5,0.043311739,9198.67,1047.780973
90000128,0,6422892.65,2,0.5,33,32,0,16.08,17,3,1,0.102124849,1308.1,7329.787484
90000129,0,711779.47,3,0.666666667,37,186,0,39.82,80,3,1,0.13066223,53927.19,2771.451155
90000130,1,97948.5,58,0.327586207,0,82,0,3.22,97,1,32,0.519558833,988.9,23.60401888
90000131,0,2528680.6,2,1,51,90,0,33.84,102,1,1,0.168392531,43466.12,0
90000132,0,552101.41,19,0.263157895,42,32,0,12.48,125,2,1,0.19194396,904.04,940.9431778
90000133,1,5827278.21,8,0.5,0,32,0,14.51,59,2,2,0.15301551,211293.86,4942.61471
90000134,1,9939.12,18,0.222222222,0,82,0,12.43,125,1,1,0.331670966,94.22,10.88948207
90000135,2,251250164.3,1,0,0,32,0,107.33,108,2,1,0.154491425,251250164.3,2943626.754
90000136,2,117313890.3,100,0.38,0,32,0,1.52,72,1,2,0.1138329,1461654.38,26826.83644
90000137,2,127196.84,1,0,0,82,0,77.51,78,1,1,0.048020224,0,608.4137053
90000138,0,2110710.84,4,0,82,123,0,42.43,128,2,1,0.130462302,2110710.84,556.1774161
90000139,0,492527.85,3,0,71,82,0,35.12,106,1,1,0.116950017,492527.85,1655.822484
90000140,0,463149.67,94,0.393617021,55,90,0,1.76,90,1,39,0.280393601,2409.56,3392.539924
90000141,0,108115.6,2,0.5,52,90,0,64.54,130,1,1,0.224773048,478.69,1282.937576
90000142,2,54001.94,4,0.5,0,90,0,60.39,182,2,1,0.369916539,678.72,197.5188319
90000143,0,1853641.35,89,0.325842697,21,32,0,2.49,115,1,1,0.324820546,397848.62,21600.84092
90000144,1,79923.71,2,1,0,145,0,62.75,126,4,1,0.009091411,864.21,0
90000145,1,248323.71,1,1,0,125,0,129.8,260,3,1,0.199854765,6234.1,0
90000146,0,535557.15,20,0.25,22,123,0,12.77,154,1,4,0.081689091,44817.9,259.4985442
90000147,0,1685957.18,1,1,45,32,0,119.66,120,3,1,0.095470306,100.48,0
90000148,0,2554891.78,73,0.232876712,59,123,0,2.43,107,3,18,0.016838368,10950.85,13434.93441
90000149,1,55806.31,9,0.444444444,0,90,0,25.33,178,1,2,0.217083573,330.82,122.4860595
90000150,0,127748.63,2,0.5,30,90,0,59.62,179,1,1,0.116589862,19398.96,0.4050769
90000151,0,3107886.74,37,0.189189189,61,125,0,5.63,85,2,2,0.142673072,70133.22,27479.33963
90000152,0,149043879.1,2,0,35,123,0,16.77,51,1,2,0.647509342,0,242651.7226
90000153,0,387791.45,44,0.318181818,37,186,0,3.36,58,1,16,0.187443545,19902.94,314.3394
90000154,0,566034.67,123,0.357723577,57,123,0,1.57,99,1,11,0.596645349,1494.96,1602.808025
90000155,0,4473821.77,1,0,37,33,0,7.71,8,2,1,0.58484098,4473821.77,6383.596134
90000156,0,833871.21,2,0,53,82,0,97.45,293,2,1,0.09819316,833871.21,7761.373831
90000157,0,1251115.09,6,0.666666667,38,125,0,21.33,64,2,4,0.414466876,87997.68,5705.500143
90000158,0,44307,1,0,55,186,0,2.34,5,3,1,0.043673646,0,167.6317505
90000159,0,140615.49,6,0.166666667,77,166,0,21.51,151,1,1,0.30615745,3230.25,59.11217794
90000160,0,10726.57,3,0.333333333,29,82,0,38.73,117,2,1,0.561602614,1520.83,25.28678816
90000161,1,5497280.83,28,0.5,0,125,0,8.05,113,2,10,0.104571247,3561.27,12.49370542
90000162,0,290732.77,4,0.5,21,32,0,21.19,85,1,1,0.071848898,3949.47,1080.437614
90000163,0,512660.07,148,0.310810811,50,125,0,1.42,111,3,53,0.112422541,26454.02,429.6588848
90000164,0,66639.5,10,0.2,41,125,0,14.74,118,1,2,0.147389839,8948.89,3.662556284
90000165,0,202857.12,5,0.8,64,82,0,45.8,184,1,1,0.265475608,4605.05,490.7863745
90000166,0,109444.22,63,0.285714286,20,82,0,2.7,98,2,4,0.158489288,13242.43,5.55450815
90000167,0,3503.34,1,0,23,90,0,77.28,78,2,1,0.21956222,0,0.98720135
90000168,2,103140.47,2,0,0,186,0,69.45,209,3,2,0.311525858,0,93.85445864
90000169,0,2655697.64,2,0,60,82,0,42.28,85,1,1,0.119218449,2655697.64,114838.0352
90000170,1,75912.74,2,0,0,90,0,40.82,41,2,1,0.158668148,0,0.327753116
90000171,0,48517370.7,3,0,62,82,0,56.46,57,1,2,0.446786958,0,87318.00103
90000172,0,254395.43,1,1,39,32,0,141.91,142,2,1,0.154578467,385.53,0
90000173,0,228590.59,7,0.428571429,53,82,0,21.5,65,1,1,0.389865755,53547.7,1662.976247
90000174,1,63483.24,1,0,0,82,0,71.71,72,2,1,0.043423505,0,424.9311211
90000175,1,4082454.31,110,0.463636364,0,90,0,1.68,95,3,13,0.26628971,303.36,2994.455472
90000176,0,1424027.59,8,0.375,43,32,1,20.34,123,3,3,0.187701119,8920.05,4394.318363
90000177,1,766237.72,1,1,0,125,0,124.43,249,1,1,0.093481876,194.94,0
90000178,1,776607.03,50,0.36,0,82,0,3.25,88,2,1,0.427402051,2637.21,10861.17377
90000179,0,202260.75,26,0.307692308,65,32,0,3.96,52,1,8,0.244340864,9594.95,754.1190885
90000180,0,251.73,1,0,72,32,0,39.25,40,2,1,0.427483869,251.73,0.203673735
90000181,0,12573716.7,6,0.333333333,48,32,0,13.52,55,2,1,0.088923583,3265.47,94245.21889
90000182,0,91987.76,2,0,54,125,0,91.11,183,1,2,0.092836337,91987.76,49.74041284
90000183,2,649219423.6,3,0.333333333,0,123,0,26.65,27,2,1,0.146518519,6361821.23,2946670.444
90000184,0,122922.06,1,0,69,90,0,42.96,43,1,1,0.535134335,122922.06,281.3107455
90000185,1,2237296.2,116,0.431034483,0,90,0,1.51,90,3,12,0.213193294,55650.61,4834.973199
90000186,0,18127.79,16,0.3125,61,32,0,12.11,61,1,5,0.107783983,1242.74,61.1869121
90000187,0,3075877.1,127,0.338582677,42,82,0,1.55,103,1,26,0.43109037,203865.96,985.7765827
90000188,2,1062356.79,20,0.4,0,123,0,7.13,86,1,1,0.327573416,14707.76,19532.86944
90000189,0,2009294.23,69,0.304347826,25,32,0,2.34,75,4,6,0.410532503,20764.77,46.008878
90000190,0,77755.21,1,1,31,32,0,52.93,106,1,1,0.148157833,171.01,0
90000191,1,441059.27,2,0.5,0,123,0,65.6,132,2,2,0.180291395,56357.16,545.4783967
90000192,2,97433123.01,1,0,0,125,0,74.18,149,2,1,0.116831279,97433123.01,483959.5199
90000193,0,210491.26,23,0.304347826,47,82,0,7.84,102,2,3,0.093260237,1808.41,181.3647922
90000194,0,2035946.74,2,0,61,125,0,39.3,40,3,1,0.016865717,2035946.74,3049.384446
90000195,2,12254654.03,1,1,0,123,0,316.02,633,2,1,0.20141703,114151.08,0
90000196,1,632.87,1,1,0,82,0,168.94,169,2,1,0.782909027,143.58,0
90000197,0,1235055.7,87,0.333333333,75,90,0,2.16,104,2,42,0.234270214,28386.76,169.5617318
90000198,0,193521.12,1,0,59,125,0,67.31,135,2,1,0.474559276,193521.12,96.9286925
90000199,1,4024413.17,8,0.25,0,90,0,20.71,83,3,1,0.25230221,14848.35,95364.04855
90000200,1,716888.28,230,0.4,0,32,0,0.78,88,2,76,0.230245966,4335.69,54.17996049
90000201,0,237846.38,1,1,57,166,0,75.42,151,2,1,0.273008133,16793.43,0
90000202,0,100281.95,2,0,49,32,1,16.89,34,5,1,0.082987035,100281.95,57.8069703
90000203,0,13849.34,1,1,64,32,0,101.46,203,1,1,0.125839505,254.12,0
90000204,0,169223.34,2,0.5,41,166,0,27.02,55,2,1,0.065790121,8388.42,704.695558
90000205,1,961601.13,3,0.333333333,0,125,0,27.9,56,3,1,0.342769763,135648.06,5682.869633
90000206,0,52089.27,1,0,44,33,0,55.59,112,3,1,0.113875752,52089.27,409.6490549
90000207,0,311658.83,1,0,38,123,0,205.47,206,1,1,0.140660698,0,3394.646735
90000208,0,568612.86,4,0.25,49,32,0,31.63,95,2,2,0.267772377,14213.78,1998.304633
90000209,1,28123621.5,2,0.5,0,82,0,49.48,149,3,1,0.051238266,191855.91,449567.8192
90000210,0,32260.53,1,1,45,125,0,40.12,41,1,1,0.403622975,819.52,0
90000211,0,1382402.8,1,1,26,123,0,115.69,116,1,1,0.147871669,593285.98,0
90000212,0,143975.1,44,0.25,74,82,0,3.92,110,4,15,0.069300234,3656.56,385.4602185
90000213,0,920571.03,2,0,23,82,0,67.79,204,5,1,0.211541241,920571.03,52045.90445
90000214,0,270541.65,5,0.2,22,90,0,17.14,69,3,1,0.129913792,2758.43,2553.598046
90000215,0,238558.75,241,0.290456432,31,123,0,0.79,98,3,12,0.191882365,18490.92,34.3866498
90000216,0,579221.56,19,0.368421053,84,82,0,10.38,135,1,1,0.152974934,27268.55,7050.870716
90000217,0,610265.97,5,0.4,62,32,0,31.67,96,1,1,0.49087006,53534.75,2185.317061
90000218,0,407677.02,134,0.328358209,19,123,0,1.39,98,2,1,0.69802872,8608.43,839.7206991
90000219,2,6356873.88,25,0.32,0,32,0,6.49,85,1,10,0.162043397,303.68,15715.07334
90000220,0,390821.82,1,0,42,82,0,89.99,90,4,1,0.327816587,390821.82,688.9548705
90000221,2,156097079.2,34,0.323529412,0,82,0,3.97,68,2,4,0.081433681,22546763.45,520166.2261
90000222,0,225661.8,6,0,52,32,0,26.21,184,4,1,0.079625197,0,1588.550667
90000223,0,12613.51,80,0.3125,90,32,0,2.26,95,2,9,0.20937976,555.71,129.184127
90000224,1,46210.01,78,0.397435897,0,166,0,2.54,107,3,16,0.012617206,7776.73,204.4641819
90000225,0,6476.65,1,1,60,32,0,204.3,205,2,1,0.062481305,2585.09,0
90000226,1,220552.14,125,0.44,0,82,0,1.21,78,2,17,0.243670314,3408.63,17.61127723
90000227,0,413666.12,1,0,53,123,0,25.84,26,1,1,0.100002233,413666.12,1192.550511
90000228,2,743048371.9,1,1,0,82,0,68.13,69,1,1,0.329657905,41.32,0
90000229,2,110890598,4,0.5,0,166,0,40.9,123,1,2,0.069657017,198.14,156980.8775
90000230,2,1519283476,2,0,0,82,0,39.47,40,1,1,0.11535893,0,9825414.712
90000231,0,325826.24,1,1,25,82,0,11.35,12,2,1,0.2154936,62329.18,0
90000232,0,307919.25,8,0,51,90,0,22,67,3,1,0.255771752,307919.25,235.4531234
90000233,0,2625.56,40,0.45,22,90,0,4.45,103,2,28,0.477735573,319.62,6.575131965
90000234,0,35399.4,1,0,54,123,0,62.22,125,2,1,0.255396043,0,222.7269199
90000235,2,143067160.8,7,0.428571429,0,125,0,23.68,119,1,3,0.253489676,0,110360.0905
90000236,0,903231.53,1,0,25,90,0,221.69,222,1,1,0.386057785,903231.53,5081.72724
90000237,0,89904.43,125,0.304,37,186,0,1.48,103,1,29,0.274059589,22685.52,314.9808734
90000238,1,1031356.89,1,1,0,90,0,155.26,311,2,1,0.087788118,7073.83,0
90000239,0,407478.95,132,0.348484848,45,166,0,1.17,73,1,57,0.596373377,671.07,694.5321053
90000240,0,824283.14,174,0.270114943,14,82,0,1.03,82,4,87,0.41938334,23598.13,36.53918015
90000241,0,3264.94,17,0.529411765,62,32,0,10.97,110,1,2,0.210735878,513.28,0.062504136
90000242,0,199686.93,43,0.302325581,62,32,0,4.19,105,4,13,0.218587095,9517.91,152.7069678
90000243,0,50637.68,69,0.289855072,15,90,0,3.09,106,1,15,0.286877909,12.19,73.9778576
90000244,0,867490.18,106,0.245283019,53,123,0,1.56,88,1,3,0.242637409,37271.18,2874.508948
90000245,1,2014997.19,1,0,0,82,0,138.69,278,2,1,0.273086588,0,2926.939857
90000246,0,688303.38,53,0.283018868,47,33,0,3.19,80,2,7,0.028207073,45883.46,686.848291
90000247,1,402.41,1,1,0,32,0,159.07,319,2,1,0.464901863,154.17,0
90000248,2,80039370.64,3,0.333333333,0,90,0,68.45,206,1,1,0.156071024,746.13,10273.36713
90000249,0,895577.2,109,0.321100917,44,123,0,1.68,90,3,6,0.310608628,41722.05,594.7807065
90000250,2,1492622267,13,0.307692308,0,32,0,11.27,68,1,3,0.163857213,292463.25,13175484.18
90000251,0,2282801.35,2,1,62,123,0,49.76,100,2,1,0.294539636,77746.72,0
90000252,0,858563.5,2,0,62,82,0,40.73,41,2,1,0.312767199,0,432.1665692
90000253,2,15931976.65,3,0.666666667,0,123,0,30.07,91,2,1,0.182948118,164.68,65.20253207
90000254,0,1173410.09,97,0.350515464,35,32,0,1.6,69,1,8,0.123969465,8.8,4634.844097
90000255,0,784366.83,3,0,51,82,0,43.75,132,1,1,0.052454247,784366.83,25539.22689
90000256,0,2510243.7,20,0.2,65,133,0,8.85,89,2,4,0.068877823,1487.07,2791.872356
90000257,0,449705.59,1,0,21,90,0,17.67,36,1,1,0.33082946,449705.59,175.1325741
90000258,1,19378507.11,4,0.5,0,186,0,19.1,58,2,1,0.285255301,257158.28,14313.91769
90000259,0,843.16,83,0.21686747,23,33,0,2.23,94,1,5,0.584180646,309.07,16.71338056
90000260,0,591618.14,1,0,43,32,0,63.76,128,4,1,0.496914667,591618.14,2.604845714
90000261,0,92338.74,1,0,61,123,0,36.38,73,3,1,0.592535714,0,1053.576985
90000262,0,98472.46,126,0.349206349,36,90,0,1.69,122,3,38,0.115349373,11158.52,2321.437884
90000263,0,799084.52,41,0.390243902,50,32,0,4.21,80,1,5,0.273202606,23787.53,344.3784497
90000264,2,159712378.2,9,0.444444444,0,32,0,31.65,190,3,1,0.147997467,937622.45,176338.8861
90000265,0,337774.17,1,0,21,123,0,59.08,60,1,1,0.120897884,337774.17,3909.656039
90000266,0,303654.7,4,0.75,28,166,0,18.91,57,4,1,0.397544481,1363.66,183.5787258
90000267,0,10542.16,36,0.277777778,18,123,0,5.44,115,3,21,0.197888835,1176.57,0.03433707
90000268,0,1187499.07,177,0.418079096,41,125,0,1.11,99,1,10,0.064417,504.65,8406.113921
90000269,1,313564.42,46,0.326086957,0,82,0,4.21,102,1,7,0.47381442,35513.54,1116.201342
90000270,0,10178114.85,3,0.333333333,24,82,0,91.41,275,2,1,0.091140038,0.02,2438.601102
90000271,1,188053.25,2,0.5,0,32,0,96.69,194,3,1,0.491457144,5362.19,745.2443485
90000272,1,366632.55,3,0.666666667,0,186,0,93.07,373,2,2,0.030837273,37061.04,560.1116197
90000273,0,994734.36,2,0,31,82,0,79.97,80,2,1,0.051459796,994734.36,1204.695732
90000274,0,572903.04,139,0.294964029,56,166,0,1.41,108,2,8,0.195311972,3404.09,1163.325235
90000275,1,795492.5,70,0.428571429,0,32,0,2.8,104,1,23,0.183306617,81583.05,1781.498925
90000276,1,571364.36,6,0.666666667,0,82,0,23.08,162,3,4,0.622729879,6819.38,191.9329154
90000277,2,74769202.82,1,0,0,32,0,28.14,57,1,1,0.211906165,0,195386.2972
90000278,1,2160875.57,130,0.376923077,0,82,0,1.53,105,3,15,0.372411352,204000.59,24288.16166
90000279,2,694741965.8,3,0,0,82,0,50.53,51,2,1,0.10182778,694741965.8,290689.2052
90000280,0,53086.2,13,0.384615385,23,125,0,9.7,98,4,3,0.275724244,9093.17,39.94772576
90000281,0,1872198.99,3,0.333333333,52,166,0,29.14,59,1,1,0.559615775,123361.1,2964.969156
90000282,1,407659.53,37,0.432432432,0,82,0,4.48,99,3,12,0.115881197,107043.6,636.281138
90000283,0,2635513.24,294,0.295918367,51,90,0,0.63,96,1,107,0.610462611,6359.34,6205.249719
90000284,0,14103.07,14,0.428571429,32,32,0,11.8,83,2,2,0.12466208,166.63,1.69879527
90000285,0,3061047.98,2,0,51,90,0,42.66,86,1,1,0.225289085,0,187.6625664
90000286,0,1300.46,23,0.347826087,70,82,0,7.76,148,2,5,0.046450954,81.86,0.014498827
90000287,1,144519.97,1,0,0,125,0,40.56,82,2,1,0.735738286,144519.97,909.2008134
90000288,0,129567.77,6,0.666666667,39,32,0,71.41,215,3,1,0.058743761,4832.39,88.19981117
90000289,1,912556.66,1,0,0,90,0,81.55,82,1,1,0.235648073,0,13137.39808
90000290,0,1682702.61,116,0.232758621,27,90,0,1.44,80,2,11,0.351778502,167963.83,3032.126218
90000291,0,232471.2,3,0.666666667,60,32,0,36.69,74,3,1,0.237736982,1374.18,164.1372676
90000292,0,360943.32,110,0.327272727,28,82,0,1.37,69,1,5,0.354121695,51702.27,818.961627
90000293,0,1578597.52,6,0.833333333,25,90,0,19.51,118,3,1,0.442621115,281282.04,29.92653581
90000294,0,19506979.51,1,0,50,123,0,142.7,143,2,1,0.371309837,0,7734.879435
90000295,0,484.47,140,0.328571429,62,82,0,1.38,94,2,17,0.111668565,290.8,0.151085768
90000296,1,428112.8,1,1,0,123,0,30.26,31,2,1,0.437704728,233.95,0
90000297,0,68090.15,44,0.295454545,57,82,0,3.31,77,3,4,0.166181376,18194.67,1086.99501
90000298,1,69734.17,5,0.4,0,82,0,35.86,108,1,1,0.471143236,3168.42,63.21235446
90000299,0,22164.6,10,0.2,16,90,0,18.77,132,1,5,0.250114737,4739.87,92.08479521
90000300,0,1017189.81,47,0.276595745,37,32,0,3.79,88,2,18,0.443599408,592.33,191.0287951
90000301,1,1248511.6,2,0,0,90,0,58.4,117,5,2,0.267746658,1248511.6,15740.60618
90000302,0,418808.63,6,0.666666667,32,90,0,29.07,117,2,2,0.345568337,23776.97,679.5130083
90000303,0,110001.44,29,0.310344828,38,125,0,7.11,107,2,13,0.084440734,12581.23,105.131098
90000304,0,336151.9,6,0.166666667,45,32,0,14.1,57,3,1,0.179279217,29693.54,4375.192447
90000305,0,399442.14,2,0.5,47,82,0,43.69,132,1,2,0.161012606,4212.2,721.9880038
90000306,0,5547.64,1,0,25,90,0,108.39,217,2,1,0.161810295,5547.64,78.24157751
90000307,0,316280.78,10,0.2,36,186,0,9.84,40,2,1,0.254284406,255.14,478.5151113
90000308,0,729076.77,6,0.166666667,19,33,0,33.65,101,2,5,0.272389609,882.66,4173.001051
90000309,0,48485.04,1,0,65,32,1,36.17,73,1,1,0.681842659,0,290.2206267
90000310,0,2496969.55,1,0,71,90,0,105.66,212,4,1,0.12254198,2496969.55,35008.98082
90000311,0,2308126.08,6,0.166666667,27,90,0,21.47,86,3,3,0.466281364,0.06,38844.04373
90000312,1,264445.29,90,0.4,0,32,0,2.02,93,1,8,0.229409198,5830.53,30.90176413
90000313,0,99084.35,3,0,19,186,0,67.98,68,1,1,0.177185084,0,2455.631402
90000314,0,94668.35,1,1,34,90,0,209.95,210,2,1,0.143328296,24995.4,0
90000315,2,106890103.3,1,0,0,32,0,30.41,31,1,1,0.062932685,0,308161.5875
90000316,0,70997.2,2,0,68,82,0,17.89,18,2,1,0.197373994,70997.2,620.9031728
90000317,0,233415.43,1,0,36,82,0,71.36,72,2,1,0.328381777,0,225.0890007
90000318,0,896753.72,1,0,40,82,0,29.32,59,2,1,0.173599661,0,3369.907164
90000319,2,7866079.73,70,0.428571429,0,32,0,2.75,111,3,33,0.124879553,0.15,1726.860868
90000320,0,459792.29,1,0,43,166,0,257.24,515,3,1,0.44217616,0,144.4460154
90000321,0,1745313.9,2,1,30,82,0,14.24,29,2,1,0.11262685,2076.34,0
90000322,0,2979.19,13,0.461538462,20,82,0,16.27,98,3,1,0.203403938,119.19,0.066849109
90000323,1,3819.49,1,0,0,125,0,258.43,517,3,1,0.015516434,0,98.49933339
90000324,2,420220049.9,8,0.625,0,32,0,23.16,163,1,3,0.29871054,3348934.79,281862.6834
90000325,0,1184239.21,21,0.238095238,45,32,0,9.53,124,1,2,0.123474806,32109.86,647.5390854
90000326,0,1192060.71,6,0.333333333,22,125,0,16.49,66,2,1,0.341724264,5770.13,6099.716968
90000327,1,22041.01,3,0.333333333,0,166,0,77.1,78,1,1,0.203063733,2662.52,128.4343961
90000328,0,697846.2,1,0,43,125,0,58.81,118,2,1,0.212836085,0,8953.448661
90000329,1,9873805.04,114,0.324561404,0,82,0,1.53,80,2,14,0.404700443,2993.6,210.923366
90000330,0,104817.17,5,0.4,48,82,0,19.21,58,1,2,0.274316831,944.25,61.06571493
90000331,0,892578.44,3,0,23,32,0,38.77,78,2,1,0.083678541,0,16024.43247
90000332,2,4089501.98,3,0,0,123,0,121.95,244,3,3,0.130809474,0,47082.69081
90000333,0,2298632.96,3,0,41,90,0,33.5,101,2,1,0.333832221,2298632.96,61677.29509
90000334,0,281957.43,39,0.333333333,41,82,0,3.64,62,5,5,0.214939032,3047.53,724.0445158
90000335,0,822517.85,37,0.297297297,62,33,0,5.19,84,2,4,0.49688186,11736.07,34.73604898
90000336,0,1009946.81,135,0.303703704,25,82,0,1.26,87,2,21,0.131335424,101010.72,1271.212518
90000337,1,30927.68,44,0.409090909,0,123,0,4.24,85,1,15,0.232727857,1481.77,295.2926231
90000338,0,1836397.94,7,0.428571429,73,125,0,40.87,205,4,1,0.276258889,29299.11,7564.412154
90000339,2,137733722,3,0,0,125,0,33.91,68,2,2,0.285191927,137733722,111083.802
90000340,0,185107.35,9,0.222222222,34,33,0,19.32,97,1,1,0.079630844,446.39,2043.767506
90000341,1,113661.3,49,0.408163265,0,32,0,4.35,101,2,45,0.851020745,3077.01,225.2803358
90000342,0,934577.32,7,0.142857143,86,186,0,28.73,87,2,2,0.230383346,184035.7,8679.650297
90000343,0,5304901.16,20,0.1,36,90,0,6.25,101,2,7,0.191037319,50654.69,38379.26711
90000344,0,63315.55,3,0.666666667,65,123,0,26.15,79,2,1,0.267389969,46.04,0.501421093
90000345,1,7646353.14,1,0,0,166,0,78.6,79,4,1,0.21092564,0,146582.2354
90000346,0,850504.3,2,0,23,32,0,59.76,60,1,2,0.234081644,0,5430.86951
90000347,0,10780.08,4,0.25,28,32,0,21.01,22,3,2,0.013032941,1632.44,28.25576865
90000348,0,68002.63,1,0,30,32,0,8.61,18,4,1,0.065276758,0,133.6168311
90000349,0,1444148.55,3,0.333333333,68,32,0,78.68,158,1,1,0.23768409,18751.1,5723.125929
90000350,0,1723289.65,33,0.333333333,37,82,0,6.56,92,2,3,0.222164544,2081.86,3561.630556
90000351,1,48848.77,1,0,0,90,0,152.95,153,3,1,0.51547699,48848.77,515.3716648
90000352,0,1247431.45,1,0,32,123,0,49.78,100,1,1,0.136568463,1247431.45,9561.181921
90000353,0,707100.13,83,0.361445783,68,82,0,2.5,123,1,29,0.222446841,9664.89,1290.689361
90000354,0,30892.62,6,0.5,34,123,0,15.86,80,2,1,0.083412157,941.24,73.76424037
90000355,2,30671.39,1,0,0,123,0,53.72,54,1,1,0.064476607,30671.39,1264.401112
90000356,0,1728040.29,53,0.301886792,21,186,0,3.26,89,2,24,0.569789084,63,380.6476724
90000357,0,60453.04,1,0,50,123,0,88.92,89,2,1,0.220283391,60453.04,5.683121524
90000358,0,851691.03,1,1,34,90,0,32.51,33,2,1,0.29395244,1859.55,0
90000359,0,183663.95,3,0.333333333,55,32,0,47.74,48,3,1,0.093217191,13111.74,2495.504133
90000360,0,32.61,2,0,59,32,0,20.97,21,2,1,0.35866484,32.61,0.012475241
90000361,0,27080.29,1,1,59,90,0,44.34,89,2,1,0.325441184,5906.25,0
90000362,0,855534.57,3,0.666666667,56,33,0,61.12,123,1,1,0.192914748,71839.38,1508.640932
90000363,0,67041.83,31,0.290322581,34,123,0,7.38,148,1,3,0.092378118,2730.81,669.4749129
90000364,0,891431.51,409,0.30806846,68,82,0,0.45,94,1,96,0.27788086,10587.39,6955.827514
90000365,0,554964.33,2,0,56,32,0,21.96,44,2,1,0.230335711,0,5406.282696
90000366,1,4766819.2,33,0.454545455,0,125,0,5.34,107,2,18,0.023993145,23.41,27855.52843
90000367,0,3191579.82,153,0.287581699,32,32,0,1.15,82,2,85,0.166079663,5229.46,2787.835198
90000368,1,4752460.78,1,1,0,32,0,87.7,176,1,1,0.197031663,2789.32,0
90000369,0,288502.47,1,0,26,123,0,61.5,62,2,1,0.576406549,0,845.0302294
90000370,0,1572398.21,1,0,57,82,0,107.65,216,2,1,0.228071681,1572398.21,6033.800689
90000371,0,83738.93,4,0.75,82,32,0,38.21,192,2,1,0.219340936,5316.43,22.2124354
90000372,0,1366137.85,2,0,53,123,0,15.1,16,3,1,0.088842651,0,30729.89418
90000373,0,8.31,1,1,59,123,0,30.97,62,1,1,0.053919011,3.64,0
90000374,0,734097.84,4,0.5,44,90,0,20.73,63,1,1,0.160769093,2210.67,1964.280032
90000375,2,23463947.6,6,0.666666667,0,166,0,13.92,70,2,1,0.031845916,607051.64,45468.70494
90000376,0,29955.62,28,0.25,34,90,0,6.76,102,1,2,0.199780839,1496.89,394.8232935
90000377,1,1059489.15,1,0,0,32,0,73.85,148,2,1,0.145991161,1059489.15,11876.30817
90000378,0,832864.99,2,0.5,53,82,0,54.26,55,5,1,0.33476425,1026.66,891.4253512
90000379,0,6377865.28,2,0,33,123,0,10.23,21,3,1,0.054247291,6377865.28,17043.86025
90000380,0,1013106.52,21,0.285714286,27,123,0,6.41,39,1,2,0.286711296,334711.65,114.2932107
90000381,1,210459.27,3,0,0,82,0,31.61,127,2,1,0.734948139,0,128.9233731
90000382,0,1346365.27,2,0.5,65,123,0,132.6,266,1,1,0.239101007,1802.85,904.858448
90000383,0,881388.18,2,0.5,27,123,0,78.61,79,3,1,0.287542053,192.12,330.6521015
90000384,0,139983.62,80,0.2625,29,32,0,2.65,104,3,25,0.175392868,24999.65,132.0745373
90000385,0,469896.33,2,0.5,55,186,0,38.57,78,3,1,0.175160292,36579.18,2587.866672
90000386,0,29324.1,3,0,29,125,0,37.43,150,1,2,0.072130099,0,663.7824379
90000387,0,448824.91,1,0,39,123,0,50.52,51,2,1,0.274737203,448824.91,3193.500487
90000388,2,2301.63,2,0,0,82,0,119.72,240,3,1,0.20915305,0,11.52056801
90000389,0,347823.82,1,0,54,82,0,59.26,119,2,1,0.321582144,0,752.8459767
90000390,0,18766.53,4,0.5,56,32,0,24.37,49,3,1,0.274783243,9.67,45.52094814
90000391,0,193433.73,2,1,92,90,0,72.1,145,2,1,0.113991066,599.56,0
90000392,0,2038493.31,3,0.333333333,61,125,1,71.95,144,2,1,0.036920923,52.48,7829.80998
90000393,0,1482758.34,4,0.25,49,186,0,30.33,91,1,1,0.014186818,6815.94,663.946153
90000394,1,6511862.21,7,0.428571429,0,32,0,20.82,105,3,1,0.609151338,58253.86,9298.638032
90000395,0,2415547.84,1,1,69,82,0,42.49,43,1,1,0.045028014,3647.47,0
90000396,0,44539.83,1,0,54,82,0,16.49,17,3,1,0.24652283,0,297.7448536
90000397,1,363.95,1,0,0,82,0,38.51,78,1,1,0.684990841,0,0.207748731
90000398,1,910763.82,103,0.310679612,0,32,0,1.99,104,1,3,0.78261622,10425.58,4725.927453
90000399,0,385722.38,2,1,35,32,0,40.52,122,1,1,0.33817366,6185.47,0
90000400,1,325558.93,5,0.6,0,90,0,76.05,229,1,2,0.674002054,5152.86,65.7714537
90000401,2,109741068.6,16,0.375,0,82,0,12.93,117,3,3,0.047023126,60.3,506843.687
90000402,0,15212.05,1,0,36,125,0,139.14,140,1,1,0.212229094,15212.05,33.28800145
90000403,1,4018158.55,3,1,0,125,0,80.87,162,2,1,0.570224075,1928.3,0
90000404,0,412280.57,95,0.463157895,34,123,0,1.61,81,2,45,0.140966737,91.59,7871.293293
90000405,1,1833963.67,3,0.666666667,0,32,0,60.55,243,2,2,0.631844893,39812.45,1391.39945
90000406,0,264936.08,1,0,50,123,0,14.86,30,1,1,0.200363098,0,79.7212619
90000407,0,238657.34,15,0.133333333,30,32,0,12.93,117,2,1,0.187341245,34760.09,830.4386803
90000408,0,331634.47,1,1,35,82,0,133.58,268,2,1,0.630135634,10098.35,0
90000409,1,5303851.12,5,0.2,0,33,0,37.83,114,1,1,0.351564955,703.57,5783.392712
90000410,0,441220.17,148,0.304054054,57,32,0,1.32,109,1,44,0.300843808,13708.59,3068.536215
90000411,2,203336.45,1,0,0,186,0,99.63,100,2,1,0.109403488,0,2874.741719
90000412,0,599764.03,15,0.333333333,21,82,0,17.61,141,1,6,0.275967508,21263.98,118.9504728
90000413,0,493297.24,2,0,46,90,0,67.74,136,5,1,0.095532633,0,1709.303423
90000414,0,2624225.02,44,0.272727273,37,82,0,4.78,87,2,4,0.034157797,761.95,26186.49166
90000415,0,277539.22,9,0.333333333,51,123,0,17.67,71,1,2,0.108217088,769.35,106.7377332
90000416,0,119086.93,3,0.333333333,16,186,0,36.03,109,4,1,0.200262932,971.23,219.2963377
90000417,0,120453.31,95,0.305263158,25,90,0,1.83,74,1,6,0.247716729,1512.24,286.5411938
90000418,2,115428597.9,47,0.425531915,0,125,0,3.57,90,3,17,0.024131261,5820603.03,65275.79486
90000419,1,175838.04,2,0,0,125,0,68.86,69,2,1,0.220312969,0,576.9494521
90000420,1,142441.95,24,0.416666667,0,32,0,6.92,70,1,3,0.192418927,925.53,24.28654949
90000421,0,35572.36,1,0,44,32,0,61.98,62,1,1,0.085437769,35572.36,4.475184245
90000422,0,326594.17,2,0,45,82,0,34.78,35,1,1,0.162095884,0,259.4521992
90000423,0,1233483.38,3,0.666666667,43,82,0,78.89,158,2,1,0.185707596,14649.18,71.4968066
90000424,1,460040.55,4,0.5,0,123,0,37.2,75,1,1,0.575468757,14740.68,2215.563291
90000425,2,62820720.67,1,1,0,82,0,61.41,62,2,1,0.350856412,286,0
90000426,1,24484.74,1,0,0,186,0,171.34,172,2,1,0.835716358,24484.74,8.343066959
90000427,0,1450115.04,43,0.255813953,62,123,0,3.72,86,2,2,0.07393091,4379.1,3467.951513
90000428,0,50276.28,2,0.5,26,90,0,67.2,68,1,1,0.281342213,2125.68,382.7916116
90000429,0,7509467.4,3,0.333333333,21,123,0,92.44,278,2,2,0.531991515,1090.76,47401.02185
90000430,1,22062354.2,128,0.359375,0,123,0,1.3,85,3,34,0.313961561,804.26,989.7646506
90000431,0,169465.09,4,0.5,61,82,0,59.23,237,2,2,0.253281394,0.13,278.20019
90000432,0,26441.89,2,1,21,166,0,95.16,191,3,1,0.165705594,8760.72,0
90000433,0,252.1,2,0,27,125,0,30.75,93,3,1,0.177615686,0,1.459577716
90000434,0,50551.62,1,0,44,32,0,37.11,38,1,1,0.138525916,50551.62,162.1135471
90000435,0,2242210.37,2,0.5,27,166,0,61.04,123,1,1,0.100476865,12694.28,1231.868033
90000436,0,34830.07,1,1,26,186,0,340.79,682,2,1,0.56235338,264.58,0
90000437,0,6683176.18,1,0,35,90,0,9.32,19,5,1,0.191397186,6683176.18,5164.985124
90000438,0,7641264.25,4,0.75,61,32,0,39.58,159,1,2,0.08530991,67215.67,23572.05297
90000439,0,722432.71,2,0.5,40,90,0,52.31,53,3,1,0.117541269,16881.89,451.0537791
90000440,1,11237802,2,0,0,90,0,142.57,143,2,1,0.550773076,0,8191.603749
90000441,1,3729.49,1,1,0,186,0,87.35,175,2,1,0.477373343,514.55,0
90000442,0,591612.97,1,0,46,82,0,141.64,142,2,1,0.045836253,591612.97,4433.096109
90000443,0,59531.38,1,1,75,123,0,153.09,307,3,1,0.134487918,1217.87,0
90000444,2,548181.27,12,0.416666667,0,123,0,8.84,80,1,3,0.232093793,49338.72,52.98879004
90000445,0,380610.5,1,0,22,186,0,99.04,100,3,1,0.112434092,380610.5,404.3939172
90000446,1,16742633.39,186,0.370967742,0,32,0,1.16,120,2,42,0.83505484,2106652.39,7855.657266
90000447,0,323.72,8,0.125,66,123,0,30.11,211,1,2,0.406483782,94.75,1.078541574
90000448,0,430793.74,2,0,57,90,0,99.71,300,1,1,0.407670675,0,1842.618705
90000449,0,365679.54,4,0.75,20,82,0,57.12,229,1,1,0.032398858,27451.25,79.61350763
90000450,1,3303595.54,1,0,0,125,0,60.96,122,2,1,0.365951366,0,9445.623277
90000451,1,1701423.41,1,0,0,82,0,6.36,7,1,1,0.123356569,0,6827.3853
90000452,0,55263.14,6,0.166666667,60,90,0,32.82,132,1,1,0.111998945,5438.83,51.14481121
90000453,0,71528.01,1,0,67,123,0,13.79,14,2,1,0.156561921,71528.01,490.9811543
90000454,0,135764.98,30,0.366666667,48,123,0,5.45,88,1,4,0.313329475,17934.64,868.2465537
90000455,1,1211580.47,1,0,0,166,0,88.75,178,3,1,0.700742698,0,14213.64065
90000456,0,1835418.83,1,0,48,82,0,193.35,387,2,1,0.294792047,1835418.83,4433.926597
90000457,0,3864945.98,1,1,28,123,0,103.21,104,3,1,0.144672674,81694.63,0
90000458,1,769192.33,362,0.383977901,0,90,0,0.54,100,1,32,0.744298783,27810.03,3213.508328
90000459,0,1307334.4,2,0.5,29,32,0,29.45,30,3,1,0.050649036,0.01,2373.465835
90000460,0,1449814.72,62,0.225806452,49,32,0,3.07,93,2,10,0.192153644,1660.4,5132.698005
90000461,1,7073626.34,3,0,0,123,0,73.55,295,2,1,0.287607991,0,58818.01084
90000462,0,5694.8,1,1,54,90,0,114.05,115,1,1,0.478458636,774.37,0
90000463,2,305027723.5,2,1,0,90,0,99.23,100,3,1,0.035568076,1020.22,0
90000464,0,706795.02,3,0.333333333,66,123,0,25.67,78,2,1,0.205021574,15799.36,949.44601
90000465,1,79843.28,213,0.370892019,0,82,0,0.82,79,2,27,0.58012887,9816.54,395.3740801
90000466,0,176113.77,2,0,46,186,0,24.31,73,2,1,0.391190354,0,887.122828
90000467,0,666430.42,32,0.25,58,32,0,6.08,122,3,14,0.329011838,43286.25,6334.959464
90000468,0,70506.76,1,0,37,82,0,64.06,129,1,1,0.316260369,70506.76,321.593636
90000469,0,963410.67,1,0,31,186,0,74.56,75,2,1,0.446544488,0,69.21254404
90000470,0,244148.49,54,0.277777778,16,32,0,3.92,138,4,11,0.338953521,607.58,37.28149375
90000471,0,251989.97,42,0.261904762,62,166,0,5.2,110,2,10,0.032523387,1826.21,179.6701081
90000472,0,732761.35,2,0,65,125,0,54.72,165,5,1,0.527340718,0,266.3873361
90000473,0,27052.25,3,0,61,90,0,30.99,31,2,1,0.384197316,0,85.20601725
90000474,1,16384210.13,1,1,0,166,0,106.93,107,2,1,0.068219335,27047.66,0
90000475,0,339639.99,3,0.333333333,16,32,0,68.16,137,1,1,0.03411,41354.11,50.32439295
90000476,0,3192980.48,3,0.666666667,53,125,0,51.49,103,1,1,0.468640098,1370.39,3075.119027
90000477,0,1003680.29,25,0.16,54,33,0,5.49,66,1,2,0.549719201,4023.35,175.687823
90000478,0,10877.61,39,0.179487179,53,82,0,3.03,58,2,4,0.171312928,1074.19,6.516104521
90000479,0,147116.45,1,0,47,186,0,183.09,184,2,1,0.106403296,147116.45,316.0881567
90000480,0,540556.57,2,0,43,32,1,91.71,184,2,1,0.310904275,0,20831.35239
90000481,0,666785.51,1,1,32,125,0,67.61,136,2,1,0.063578537,6927.19,0
90000482,0,191980.72,2,0,26,82,0,20.19,21,3,1,0.223243394,0,2565.956848
90000483,0,50442.12,1,0,18,90,0,45.78,46,2,1,0.403262541,50442.12,602.0510518
90000484,1,5547224.35,3,0.666666667,0,82,0,65.68,263,2,1,0.230759727,957346.01,3577.007161
90000485,0,212153.22,1,0,48,90,0,10.85,11,2,1,0.183979958,0,427.3697565
90000486,0,595671.98,2,0.5,49,82,0,51.15,154,1,1,0.325877225,1101.38,6588.471176
90000487,0,129804.68,5,0,43,125,0,21.59,65,3,3,0.206008829,0,85.71396021
90000488,0,521055.71,2,0,29,186,0,43.52,44,1,1,0.214152063,0,528.9699655
90000489,1,6424730.61,2,0.5,0,32,0,175.3,526,2,1,0.356547285,286638.71,2590.608155
90000490,0,12320,25,0.36,37,123,0,8.08,114,3,2,0.322831006,633.52,44.61590071
90000491,2,41480046.13,1,0,0,166,0,118.64,119,1,1,0.276018233,0,1091454.274
90000492,0,594802.58,38,0.473684211,49,32,0,4.54,82,1,3,0.150375938,503.18,7462.327333
90000493,0,930366,2,0.5,50,123,0,24.9,75,2,1,0.116090552,137699.03,2381.764338
90000494,2,599664963.4,2,1,0,82,0,52.07,105,2,1,0.167560305,155018.37,0
90000495,0,192434,3,1,27,82,0,41.37,42,2,1,0.141733739,18059.36,0
90000496,2,4663774.88,1,1,0,82,0,38.4,77,4,1,0.099370751,136726.25,0
90000497,2,41217169.53,75,0.373333333,0,32,0,2.8,96,1,4,0.147716445,46676.6,213826.7262
90000498,0,201179.81,3,0,22,90,0,72.68,219,2,1,0.111841796,201179.81,2589.6083
90000499,0,8797.57,2,0.5,63,166,0,22.76,23,3,1,0.378750046,770.28,1.265251464
90000500,0,1280942.28,4,0,45,82,0,66.38,133,4,1,0.043612505,1280942.28,3957.176976
90000501,2,195893410.6,6,0.5,0,125,0,21.55,44,1,1,0.101833843,4.25,999873.1385
90000502,0,389975.43,44,0.340909091,58,90,0,4.97,120,1,2,0.347452236,9329.94,116.5794917
90000503,1,1015049,3,0.333333333,0,186,0,30.93,62,1,1,0.106996548,52665.41,523.8144569
90000504,0,9909.95,98,0.265306122,28,82,0,1.7,77,3,98,0.122660153,1278.69,9.334244782
90000505,0,433953.96,2,0.5,61,133,0,54.54,110,3,1,0.321130307,42172.5,384.628652
90000506,1,863031.96,5,0.4,0,32,0,49.71,150,1,1,0.364758743,34685.18,1534.979823
90000507,0,30540.71,2,0.5,27,82,0,91.07,183,1,1,0.360238957,163.11,84.73946301
90000508,0,9745.67,3,0,73,32,0,16.7,67,4,2,0.364916209,9745.67,83.45577566
90000509,1,785100.81,1,1,0,32,0,78.99,79,1,1,0.245090399,20220.85,0
90000510,0,1785071.9,130,0.315384615,55,123,0,1.26,94,1,23,0.318060645,10345.19,177.826189
90000511,1,42209.13,2,0.5,0,82,0,154.61,155,1,1,0.750033125,2135.49,59.72082183
90000512,0,32382.04,102,0.294117647,38,82,0,1.45,66,4,40,0.386537841,1151.75,8.453259971
90000513,1,133705.79,1,1,0,123,0,120.93,121,2,1,0.048681421,368.43,0
90000514,0,441866.68,2,0,82,82,0,160.3,321,2,1,0.195667091,0,131.7836298
90000515,0,376988.13,141,0.304964539,41,32,0,1.17,85,2,16,0.075966284,43390.79,1223.735659
90000516,0,152930.32,2,0,61,186,0,109.28,219,2,1,0.09859318,0,1185.897198
90000517,2,17954525.72,1,1,0,166,0,171.6,172,2,1,0.118936033,7134.87,0
90000518,0,576.71,1,1,69,125,0,108.83,109,2,1,0.437232474,275.29,0
90000519,0,38735.25,7,0.285714286,64,90,0,26.04,157,3,2,0.509858949,3373.01,85.97243332
90000520,0,940309.25,4,0.5,46,90,0,23.25,70,2,1,0.436069143,135.21,940.1671192
90000521,0,1081474.85,93,0.247311828,45,32,0,2.06,99,3,12,0.30319983,253951.53,1448.319736
90000522,0,27562.74,1,0,30,123,0,48.94,98,2,1,0.200996656,0,28.74230588
90000523,0,1699446.55,1,1,57,82,0,71.28,143,1,1,0.315331753,264.66,0
90000524,0,194878.53,1,0,53,32,0,37.65,76,3,1,0.108861181,0,1190.332021
90000525,1,448483.65,5,0.6,0,123,0,33.94,102,1,2,0.134197386,250.39,48.40171521
90000526,0,1124490.51,1,0,73,125,0,157.06,158,2,1,0.096164765,1124490.51,1499.095979
90000527,1,425018.65,10,0,0,32,0,18.86,38,1,3,0.34070575,425018.65,1525.371412
90000528,0,411990.3,56,0.303571429,31,123,0,2.84,100,1,28,0.381343301,30625.83,5045.059021
90000529,0,67410.33,91,0.307692308,33,32,0,1.58,78,5,10,0.08083088,6061.2,269.840595
90000530,2,177413120.4,1,1,0,186,0,162.76,163,4,1,0.144934197,1856030.39,0
90000531,0,1896.93,1,0,31,186,0,95.17,96,1,1,0.163959783,0,0.108985919
90000532,0,1657722.29,3,0,42,82,0,24.64,50,2,1,0.166417011,0,720.7706305
90000533,2,1776626548,6,0.5,0,32,0,35.24,141,2,1,0.20609141,77.57,2117951.005
90000534,0,131534.58,1,0,45,125,0,103.71,208,3,1,0.167252328,0,3047.863742
90000535,0,558705.11,1,1,42,32,0,22.07,45,1,1,0.274524521,119.95,0
90000536,1,26001690.23,134,0.402985075,0,32,0,1.42,97,1,8,0.188935182,2088.19,36444.45925
90000537,0,46430.16,3,0.333333333,43,186,0,61.15,184,1,1,0.203411549,449.47,6.162923395
90000538,0,225725.51,1,0,23,90,0,37,75,1,1,0.235024379,0,164.0473082
90000539,2,31696284.37,1,0,0,90,0,61.24,62,1,1,0.085600237,31696284.37,3193.805931
90000540,0,1993594.74,5,0.2,50,123,0,11.55,70,2,1,0.553696007,295.07,2349.421919
90000541,1,23866.32,1,0,0,123,0,129.05,259,1,1,0.52198539,0,242.0759319
90000542,2,916077996.8,58,0.431034483,0,82,0,3.34,121,2,9,0.146033063,19.25,3350279.304
90000543,0,159467.02,1,1,38,123,0,113.26,227,2,1,0.107795361,21327.11,0
90000544,0,792258.29,144,0.284722222,46,123,0,1.21,86,2,21,0.140139032,31565.4,300.0563649
90000545,1,83222.84,1,1,0,90,0,49.92,100,2,1,0.449469357,2968.29,0
90000546,2,2784.9,1,1,0,125,0,67.59,68,4,1,0.183911554,813.34,0
90000547,0,949844.67,1,1,19,90,0,66.18,133,3,1,0.233676352,5962.7,0
90000548,0,808621.15,1,0,59,82,0,112.14,113,1,1,0.169958184,808621.15,185.4650801
90000549,0,1943513.66,1,1,55,123,0,82.85,166,1,1,0.514811162,152449.38,0
90000550,1,6941.05,4,1,0,32,0,39.29,158,3,1,0.334348397,653.2,0
90000551,0,25521.85,29,0.137931034,21,123,0,7.71,155,2,16,0.242960591,5039.58,106.2709558
90000552,0,1311.97,55,0.218181818,50,125,0,2.66,78,2,13,0.256700224,374.75,5.98133957
90000553,0,6656185.74,2,0.5,22,166,0,103.64,208,1,1,0.176361696,73992.32,33883.00516
90000554,2,110366076.7,13,0.307692308,0,82,0,16.18,130,3,2,0.067468649,5432.21,130450.7089
90000555,0,1187503.11,1,0,12,32,0,107.89,108,1,1,0.303922547,0,16981.79474
90000556,0,3257282.55,266,0.296992481,51,82,0,0.7,101,2,12,0.33074146,1312.81,5361.200368
90000557,1,18120211.32,2,0.5,0,32,0,73.49,147,1,1,0.315034508,104376.27,4939.282611
90000558,1,24473.55,178,0.365168539,0,125,0,1.05,98,4,78,0.676878346,5971.54,32.39718325
90000559,0,99428.21,12,0.25,35,82,0,15.56,125,2,2,0.250591023,5269.76,556.1294541
90000560,2,3085559.19,1,1,0,186,0,67.31,68,2,1,0.169187734,1.68,0
90000561,0,1405243.05,4,0,65,32,0,43.49,44,2,2,0.103254894,1405243.05,20819.04052
90000562,0,48466,1,0,41,82,0,78.98,158,2,1,0.3697148,0,119.8897569
90000563,2,202020393.2,4,0,0,32,0,67.33,202,3,1,0.435922247,0,39980.08726
90000564,0,1610013.23,179,0.296089385,44,82,0,0.98,96,2,35,0.27980491,34993.44,1726.919669
90000565,2,458920994.3,1,0,0,90,0,38.79,78,1,1,0.338527869,458920994.3,535693.9157
90000566,0,7125.36,16,0.4375,56,32,0,12.38,112,1,10,0.289538098,1452.96,78.00921289
90000567,0,47106.25,5,0.4,51,123,0,19.95,120,1,1,0.160952351,16655.62,221.0189685
90000568,0,525745.91,1,1,55,32,0,69.05,139,1,1,0.013247499,5277.46,0
90000569,0,521306.56,3,0,38,82,0,85.96,344,3,1,0.28255162,0,26.28719711
90000570,0,3629101.25,2,1,49,32,0,57.26,115,2,1,0.162297889,32504.53,0
90000571,1,206126.14,1,1,0,90,0,116.17,117,1,1,0.307942283,25218.89,0
90000572,0,116.87,9,0.444444444,38,32,0,21.26,107,1,2,0.138518662,21.52,1.023011122
90000573,2,983816104.2,1,0,0,90,0,24.03,25,1,1,0.081336655,983816104.2,2146852.928
90000574,0,1076259.04,1,0,53,32,0,98.48,99,1,1,0.048119396,0,8122.493547
90000575,1,5391145.6,41,0.341463415,0,32,0,3.58,90,3,11,0.554683898,1.03,590.770741
90000576,0,2511340.42,1,1,66,82,0,49.41,99,4,1,0.420658611,5723.13,0
90000577,0,26815.35,1,1,93,32,0,39.09,40,3,1,0.165935806,384.86,0
90000578,0,1843825.52,15,0.4,64,123,0,9.61,77,2,3,0.12912812,74131.91,9035.162753
90000579,2,1908571.72,2,0.5,0,32,0,129.24,388,3,1,0.155638771,501067.01,19.69727665
90000580,2,209300194.7,2,0.5,0,82,0,64.56,194,2,1,0.055687457,0,405532.7529
90000581,2,787233.47,1,0,0,82,0,51.61,52,2,1,0.102455475,0,2139.23396
90000582,1,5850903.41,1,1,0,90,0,67.31,135,1,1,0.436385662,232887.89,0
90000583,1,35732.51,3,0,0,32,0,27.21,28,5,1,0.26986983,0,99.7730689
90000584,2,18256037.06,9,0.333333333,0,32,0,8.64,52,2,1,0.074657123,1233.3,48559.182
90000585,0,2337854.75,2,0,30,32,0,73.59,74,1,1,0.26269822,2337854.75,9984.773201
90000586,1,497424.1,3,0.333333333,0,123,0,36.55,74,2,1,0.144172508,147375.56,730.0334554
90000587,2,387570216.6,3,0.333333333,0,123,0,49.44,198,2,1,0.180455249,0,467517.0955
90000588,0,295187.23,128,0.421875,42,186,0,1.33,86,2,41,0.360522926,29426.87,527.3710338
90000589,1,4086469.65,3,0.333333333,0,125,0,16.61,50,1,1,0.325019884,55218.58,399.0015933
90000590,1,1316696.65,1,0,0,90,0,107.18,215,1,1,0.473609568,0,1901.210267
90000591,0,136776.25,24,0.208333333,15,82,0,8.89,161,3,2,0.048988842,16627.01,252.7288419
90000592,0,821256.21,8,0.5,50,125,0,23.37,141,2,1,0.112171495,13394.06,4265.177093
90000593,2,8558758.72,2,0.5,0,125,0,31.33,94,1,1,0.263826829,604.16,6506.66548
90000594,0,230504.83,33,0.090909091,23,90,0,4.68,80,2,1,0.07331754,6274.45,118.020866
90000595,0,28944.63,71,0.23943662,18,32,0,2.2,73,1,49,0.246555783,10102.7,1.011000722
90000596,2,413331420.6,112,0.419642857,0,123,0,1.35,75,2,18,0.112756766,4.51,1575230.768
90000597,0,44823.58,1,0,54,32,0,324.41,649,4,1,0.120783771,44823.58,374.3951539
90000598,1,351170.33,394,0.583756345,0,123,0,0.5,107,1,12,0.468912345,290.96,69.76684225
90000599,0,824675.09,29,0.379310345,15,125,0,6.58,99,1,8,0.479171837,8788.31,1121.077469
90000600,0,3658.11,1,0,72,123,0,62.33,125,2,1,0.083913824,3658.11,0.182476106
90000601,2,381045427.6,141,0.340425532,0,32,0,1.32,100,1,48,0.078535534,502.05,547908.9893
90000602,0,833640.51,73,0.232876712,51,90,0,2.24,83,1,1,0.023341869,11465.67,7088.275043
90000603,1,45606.74,1,0,0,82,0,127.28,128,1,1,0.542715623,45606.74,237.8005686
90000604,0,271080.05,5,0.4,32,123,0,28.53,58,2,1,0.00988452,5781.38,2348.743252
90000605,0,2238019.13,24,0.291666667,26,123,0,11.1,100,2,8,0.144387804,23503.16,4040.804988
90000606,0,1237.57,24,0.291666667,61,123,0,6.21,100,2,17,0.498339051,68.3,7.59950509
90000607,1,53935.97,25,0.32,0,123,0,7.35,125,1,1,0.690710822,18.4,36.78651803
90000608,0,270261.96,1,1,38,32,0,37.6,38,3,1,0.373423628,10052.43,0
90000609,1,293157.36,3,0.666666667,0,82,0,9.5,20,3,1,0.268757419,23657.31,1184.881719
90000610,1,2458855.95,66,0.363636364,0,32,0,2.3,88,2,10,0.173755276,1252.68,9581.188059
90000611,0,939594.13,11,0.090909091,16,82,0,13.6,96,1,3,0.341306335,9316.56,820.9748326
90000612,1,200483.55,3,0,0,32,0,24.87,75,1,1,0.279361225,0,422.6609785
90000613,0,12853.56,1,0,67,32,0,98.57,198,1,1,0.104855689,0,4.787735671
90000614,1,32923.88,3,0.333333333,0,82,0,7,29,1,1,0.327062942,7117.27,119.4595328
90000615,2,978934.26,4,0.5,0,32,0,33.75,68,1,1,0.048868084,76039.58,3048.567532
90000616,1,5771095.97,125,0.384,0,123,0,1.63,89,2,22,0.272944693,173054.37,13840.80005
90000617,1,2662658.63,19,0.578947368,0,32,0,8.59,104,1,19,0.66768918,18049.11,239.2968128
90000618,0,258177.28,3,0,61,125,0,31.61,64,1,2,0.411260421,0,331.6513769
90000619,2,435567981.5,28,0.464285714,0,123,0,6.82,130,2,3,0.110033095,3380879.73,458460.6166
90000620,0,514615.81,4,0.25,43,82,0,40.85,164,2,2,0.137085952,13516.67,2995.293422
90000621,0,35536,66,0.272727273,65,186,0,2.54,89,3,4,0.465249567,417.18,372.4144285
90000622,0,1982931.09,229,0.305676856,64,123,0,0.7,84,1,2,0.293709958,22553.94,9673.286466
90000623,0,323493.02,2,0,40,32,0,59.62,60,4,1,0.338671124,0,1889.499998
90000624,0,750676.65,16,0.5625,76,186,1,5.45,39,3,3,0.147531717,47231.84,371.73278
90000625,1,4868410.76,248,0.443548387,0,125,0,0.78,97,3,68,0.562674535,26018.86,2693.174327
90000626,0,4356098.83,51,0.235294118,47,82,0,3.28,76,2,36,0.066395042,7885.46,654.6449839
90000627,2,273204377.7,1,0,0,166,0,36.39,73,2,1,0.141014915,0,1466861.689
90000628,0,1751530.95,3,0.333333333,25,82,0,22.74,69,2,1,0.230045235,8707.25,1037.31073
90000629,1,19549.47,156,0.416666667,0,82,0,1.12,91,2,53,0.282116438,1799.47,20.35837347
90000630,0,245896.72,31,0.225806452,22,32,0,5.59,84,1,4,0.168285989,7807.31,156.291771
90000631,1,4059643.3,1,0,0,32,0,75.3,151,1,1,0.325665393,4059643.3,20239.61492
90000632,0,719568.6,1,0,82,82,0,100.51,101,2,1,0.187971208,719568.6,685.3142156
90000633,0,810350.87,7,0.285714286,68,90,0,6.8,28,2,1,0.097058596,9591.86,145.0252373
90000634,2,50415867.62,61,0.426229508,0,32,0,3.34,114,1,37,0.134755212,3055853.9,74067.00639
90000635,0,2293538.03,2,0.5,34,33,0,30.87,62,1,1,0.145568304,113018.13,743.6128394
90000636,0,5572.2,1,0,27,82,0,63.59,64,1,1,0.166383148,0,4.473363201
90000637,0,571894.67,1,0,64,166,0,70.24,71,1,1,0.336041491,0,809.028767
90000638,2,6712335.78,12,0.333333333,0,90,0,9.57,39,1,2,0.056362425,5542.49,32881.67873
90000639,0,2493.73,162,0.320987654,62,32,0,1.12,104,2,73,0.454501192,258.94,0.584902756
90000640,0,136392.66,1,1,22,123,0,60.04,121,2,1,0.252478438,294.28,0
90000641,0,46095.67,1,1,63,186,0,50.68,102,1,1,0.276184917,1912.47,0
90000642,0,49191.99,1,0,18,123,0,197.59,396,3,1,0.092241014,49191.99,0.346917343
90000643,0,102533.37,1,0,39,82,0,178.28,179,3,1,0.363973259,0,12.86507022
90000644,1,9026168.86,299,0.361204013,0,32,0,0.62,86,1,31,0.336679346,12.66,41.89051985
90000645,0,4072845.8,1,0,48,82,0,103.3,104,3,1,0.309241652,0,13.05273135
90000646,0,2215909.72,68,0.235294118,25,90,0,2.32,82,2,12,0.158636602,0,41924.4854
90000647,1,5927190.34,1,0,0,33,0,17.86,36,2,1,0.330281715,5927190.34,489.2422698
90000648,0,706720.72,1,0,18,90,0,322.05,323,3,1,0.041079544,706720.72,839.5443042
90000649,0,532654.47,69,0.246376812,60,82,0,1.7,62,2,5,0.082949327,40345.38,472.0519409
90000650,0,7653.48,34,0.352941176,22,90,0,4.21,72,3,11,0.358526725,962.32,13.12882513
90000651,1,6495869.36,66,0.424242424,0,90,0,2.53,79,3,14,0.340821744,33628.85,1600.687269
90000652,2,638059595.7,6,0.333333333,0,32,0,33.93,204,2,1,0.227419449,185170.33,478118.2425
90000653,0,1659537.46,1,1,21,90,0,220.54,442,2,1,0.132059501,51459.62,0
90000654,2,2750478265,14,0.357142857,0,123,0,14.78,134,1,3,0.168818237,0,2281200.29
90000655,0,183310.45,1,1,56,123,0,113.1,114,2,1,0.281749727,20769.09,0
90000656,1,2433188.96,177,0.372881356,0,125,0,1.15,104,1,5,0.65488692,6054.19,1924.670071
90000657,0,532619.96,1,0,45,125,0,127.9,256,1,1,0.157368375,532619.96,85.72833309
90000658,0,207824.51,4,0.75,25,90,0,56.27,113,1,1,0.041280536,3066.92,347.0708948
90000659,0,150.18,56,0.392857143,73,186,0,3.31,100,3,9,0.292792391,105.39,0.014556686
90000660,2,209883.25,149,0.429530201,0,166,0,1.3,94,2,26,0.16189323,43957.44,176.8064275
90000661,0,257660.49,2,0.5,23,82,0,69.85,140,3,1,0.279935198,67044.73,689.5855199
90000662,0,64823.22,2,0,37,82,0,65.48,66,2,1,0.070998508,64823.22,257.1341096
90000663,1,441003.01,1,0,0,82,0,27.21,55,1,1,0.585889228,441003.01,648.9063274
90000664,2,257.87,1,1,0,32,0,23.52,24,2,1,0.116039776,20.55,0
90000665,1,6085522.57,4,0.25,0,123,0,39.15,196,1,1,0.211996194,313474.74,15043.39254
90000666,0,1124111.07,5,0.6,32,186,0,21.5,65,1,1,0.208367905,217199.93,5185.789927
90000667,0,1172916.51,1,0,34,166,0,84.85,170,4,1,0.060698081,1172916.51,23126.30913
90000668,0,5704163.47,6,0,91,125,0,32.25,130,5,1,0.430045712,0,34826.72799
90000669,1,10406.56,1,1,0,123,0,181.28,182,4,1,0.19617294,600.05,0
90000670,0,1125008.02,83,0.337349398,55,82,0,2.48,105,3,1,0.128111603,23927.44,372.5014375
90000671,1,1321728,3,0.333333333,0,123,0,77.71,156,1,1,0.441913895,23251.69,664.2521209
90000672,0,447424.38,2,0.5,53,90,0,23.87,72,1,1,0.154652851,119.93,28.74864992
90000673,1,7079340.24,10,0.6,0,123,0,31.88,128,3,1,0.444827815,591627.46,43515.07892
90000674,0,28541.27,1,0,16,123,0,79.88,80,3,1,0.058634138,0,181.930721
90000675,0,767138.1,4,0,64,187,0,22.91,69,2,1,0.308530172,767138.1,2126.797755
90000676,0,499658.19,1,0,59,82,0,36.39,73,2,1,0.035171738,499658.19,6.973693063
90000677,0,179042.39,2,0.5,63,90,0,102.78,309,1,1,0.428154505,1082.38,83.11739878
90000678,0,1550930.79,2,0.5,15,32,0,49.99,100,3,1,0.034193801,14051.36,19.68642098
90000679,1,3391479.92,1,1,0,32,0,29.78,60,1,1,0.59763836,20490.38,0
90000680,0,741845,2,0,29,82,0,139.85,420,2,1,0.249350493,0,6951.980645
90000681,1,5004.54,2,0,0,90,0,41.72,42,1,1,0.498888229,0,37.07324372
90000682,0,82485.57,16,0.3125,19,125,0,11.96,96,3,1,0.225893834,7566.86,23.95042936
90000683,1,3351.56,1,0,0,82,0,187.59,376,1,1,0.560867629,0,2.193286672
90000684,0,860123.61,1,0,28,32,0,149.9,150,3,1,0.178647042,0,8419.394746
90000685,0,405059.07,131,0.244274809,37,82,0,1.36,82,2,3,0.502649668,968.71,5229.668598
90000686,0,2844.72,2,0,25,82,0,38.97,78,3,2,0.098672986,0,0.044614493
90000687,1,16762.25,2,0,0,186,0,118.18,119,5,1,0.135903126,16762.25,5.549850553
90000688,0,188935.8,23,0.304347826,90,125,0,7.31,110,2,1,0.509711296,7467.28,145.6177711
90000689,0,191985.31,1,0,39,32,0,48.44,49,2,1,0.08384323,191985.31,586.091746
90000690,0,11735.63,27,0.37037037,23,32,0,6.21,94,3,6,0.04735953,2443.72,3.179675192
90000691,0,3557.76,1,1,22,123,0,93.32,94,2,1,0.142050446,155.69,0
90000692,0,1958114.5,38,0.315789474,51,82,0,3.78,69,3,3,0.251417016,1080.05,11655.2927
90000693,0,130446.35,1,0,21,125,0,58.16,117,2,1,0.134301029,130446.35,1693.013876
90000694,2,608906874.1,1,0,0,90,0,18.77,38,4,1,0.082266353,0,2377.305091
90000695,0,21262.24,1,0,38,32,0,91.1,92,1,1,0.156189405,21262.24,167.4153959
90000696,0,41454.11,2,0.5,16,125,0,78.29,157,2,1,0.197485146,192.61,35.72037242
90000697,0,915833.85,89,0.314606742,82,32,0,2.37,98,1,18,0.052733098,4116.21,1686.428887
90000698,0,1310993.35,1,0,32,32,0,55.91,56,1,1,0.138698939,0,10823.12702
90000699,0,21553056.9,3,0.333333333,20,186,0,61.68,186,3,1,0.347835338,130165.66,7604.099753
90000700,0,4915219.45,62,0.274193548,30,32,0,3.83,115,2,43,0.052578757,104527.97,18670.35028
90000701,1,148179.69,28,0.392857143,0,32,0,4.47,68,2,1,0.727381084,20645.43,486.6200055
90000702,2,260980760.5,1,1,0,32,0,61.54,124,1,1,0.129082918,0,0
90000703,2,70141228.58,17,0.529411765,0,123,0,7.02,71,1,4,0.091307639,3715.8,136998.4595
90000704,0,61892.89,1,0,21,186,0,76.32,77,2,1,0.274122484,0,755.6970682
90000705,2,21093543.34,11,0.363636364,0,32,0,14.8,104,1,4,0.136366874,1407193.19,49.57681301
90000706,0,18413.74,14,0.357142857,21,82,0,15.89,80,2,3,0.274367985,1129.18,233.9085001
90000707,2,11245138.09,1,1,0,82,0,82.63,166,4,1,0.267367739,87522.46,0
90000708,0,593717.74,38,0.263157895,54,123,0,5.19,68,2,8,0.417135061,83079.07,307.9624254
90000709,0,885270.2,20,0.4,34,82,0,7.24,87,1,5,0.311145082,72145.62,404.7324384
90000710,0,7812.96,50,0.26,28,166,0,2.83,68,3,2,0.015399139,4021.15,0.571302318
90000711,0,234173.4,22,0.318181818,26,125,0,7.92,96,2,10,0.402673509,5431.44,182.2861694
90000712,0,163730.76,4,0.25,33,125,0,30.08,121,2,1,0.26293844,5551.26,101.4000334
90000713,0,147811.26,35,0.342857143,59,32,0,5.16,93,2,2,0.301246993,10818.37,4221.783507
90000714,0,30910.68,64,0.390625,42,82,0,2.13,71,2,10,0.008438611,725.79,70.86436237
90000715,0,926914.74,69,0.246376812,26,123,0,2.98,132,1,11,0.316236325,7273.83,1108.650008
90000716,0,413504.7,72,0.277777778,33,166,0,2.56,85,2,2,0.240965848,33710.77,871.9516171
90000717,0,3404803.4,2,1,37,82,0,52.27,105,1,1,0.064297524,0.36,0
90000718,2,2155724.37,6,0.5,0,90,0,27.99,140,3,1,0.123996718,210668.56,1501.862058
90000719,0,330074.04,16,0.1875,44,33,0,7.74,86,2,5,0.329793873,38694.34,983.6798994
90000720,2,2150454.12,1,1,0,82,0,55.83,112,3,1,0.040659433,613559.95,0
90000721,0,1339336.24,6,0.666666667,50,82,0,17.55,53,2,1,0.051546391,15194.95,2010.517245
90000722,2,9731100.78,2,0,0,186,0,44.39,134,2,1,0.021328786,0,201912.1965
90000723,2,6744563.86,2,0,0,90,0,11.73,36,2,1,0.128821377,6744563.86,82723.331
90000724,2,731897.5,1,0,0,123,0,98.8,99,3,1,0.111060228,731897.5,3720.599213
90000725,0,34.94,3,0.666666667,24,32,0,11.3,46,3,1,0.17736372,11.59,0.144323186
90000726,0,100872.46,8,0.125,32,123,0,18.6,75,1,2,0.306046763,39016.75,151.6621613
90000727,1,6.75,13,0.538461538,0,32,0,19.01,153,1,7,0.086756935,4.39,0.010762616
90000728,1,4652.98,23,0.304347826,0,90,0,8.73,97,1,6,0.697102128,437.25,70.17415642
90000729,0,1228285.36,26,0.230769231,42,82,0,5.43,66,3,2,0.100786413,28466.67,7761.739356
90000730,0,432852.9,2,0,22,123,0,39.29,40,2,1,0.042127974,0,77.52471972
90000731,1,56989.87,2,0,0,123,0,100.1,201,3,1,0.476913775,56989.87,567.6318516
90000732,1,63648.96,3,0.333333333,0,90,0,34.05,35,6,1,0.371086768,1751.18,72.2699331
90000733,0,99178.86,25,0.2,73,123,0,5.32,48,1,5,0.078309174,3459.8,7.605010774
90000734,0,389799.59,1,1,49,82,0,69.95,70,1,1,0.026320689,19304.57,0
90000735,2,69635434.08,1,1,0,125,0,187.57,376,1,1,0.044107831,2543606.17,0
90000736,0,3754.62,1,0,48,82,0,108.35,217,2,1,0.113827053,0,1.683890992
90000737,0,6187932.84,2,0,51,123,0,47.24,142,2,1,0.432868811,6187932.84,91214.12031
90000738,0,42079.68,5,0,47,90,0,13.24,53,3,1,0.0609604,0,89.22251702
90000739,0,99237.22,2,0.5,46,123,0,89.75,270,2,1,0.408331807,4266.37,1219.371617
90000740,0,42262.98,5,0.6,54,82,0,34.93,140,2,2,0.106169371,2250.67,234.3745848
90000741,2,55396471.69,1,0,0,125,0,109.92,220,2,1,0.1265537,0,298542.6127
90000742,1,78587.68,8,0.75,0,166,0,17.56,88,3,1,0.628636101,1802.76,35.61779409
90000743,2,1108766244,2,0,0,90,0,65.25,131,1,2,0.230838591,0,268935.5907
90000744,1,10915490.41,158,0.35443038,0,166,0,1.15,90,1,13,0.299956993,71427.09,72672.00942
90000745,0,561017.68,33,0.242424242,34,125,0,6.65,147,1,10,0.283115327,48455.66,150.7344338
90000746,0,3067846.02,2,0.5,59,125,0,39.04,79,3,1,0.062671315,35854.04,5795.397309
90000747,1,15301132.15,1,1,0,90,0,113.61,114,2,1,0.206626705,0,0
90000748,2,105054214.2,2,1,0,123,0,28.03,85,1,1,0.228179058,327199.32,0
90000749,0,306911.56,1,0,36,82,0,62.73,126,2,1,0.305565208,0,146.7557731
90000750,2,34389197.9,7,0.428571429,0,82,0,13.01,66,2,3,0.099914691,160688.71,35159.92283
90000751,1,146435.92,5,0.2,0,90,0,17.37,53,3,1,0.445983788,24103.77,137.9634569
90000752,0,84716.68,2,0,47,32,0,33.15,34,3,1,0.40657542,0,894.5888894
90000753,0,255755.07,22,0.318181818,15,123,0,8.39,101,2,6,0.008393376,2325.06,242.9687185
90000754,0,19.68,12,0.25,60,32,0,12.4,112,1,1,0.34928794,0.78,0.023129932
90000755,0,76374.53,1,1,64,32,0,34.97,35,1,1,0.188171013,10632.23,0
90000756,2,74342979.62,3,0.666666667,0,123,0,68.33,205,3,1,0.268129764,418878.71,97799.35912
90000757,2,394316.97,1,0,0,82,0,71.39,72,1,1,0.164106828,394316.97,436.1785847
90000758,0,515155.77,1,1,20,32,0,120.48,241,2,1,0.446060202,9.33,0
90000759,0,1438356.89,69,0.231884058,50,33,0,2.18,92,5,16,0.508145538,6944.94,8415.867743
90000760,0,2031292.6,4,0.25,60,123,0,22.98,69,3,1,0.127397049,10801.13,1016.333123
90000761,0,2194.12,29,0.379310345,48,133,0,5.32,86,3,11,0.069832023,459.81,0.304464449
90000762,0,2546.11,5,0.2,71,32,0,23.34,94,1,1,0.194859222,547.51,2.268930252
90000763,0,1367295.35,6,0.166666667,26,125,0,25.94,130,6,2,0.28273835,92886.31,14674.58972
90000764,0,1276964.8,3,0.666666667,59,125,0,33.69,135,4,3,0.067919852,0.13,1264.309048
90000765,0,6430.27,2,0.5,58,123,0,26.4,80,3,1,0.402312147,291.34,17.13765537
90000766,0,0,0,0,38,123,0,393.54,394,4,0,0.592139808,0,0
90000767,0,5934777.55,1,0,49,32,0,11.41,12,1,1,0.233824669,5934777.55,521.8205917
90000768,0,4286307.67,5,0.4,61,90,0,29.04,146,2,1,0.100200892,722533.96,7389.054038
90000769,0,26210.89,57,0.350877193,16,123,0,3.17,89,3,12,0.380967032,366.76,20.74017496
90000770,1,86157.17,62,0.451612903,0,186,0,3.13,94,1,10,0.444035381,269.48,2.585595992
90000771,0,1010451.1,62,0.274193548,26,32,0,2.57,98,4,5,0.104775826,8910.23,1049.951343
90000772,0,1033248.06,1,0,63,125,0,95.77,192,1,1,0.477128281,0,7031.415111
90000773,0,868935.4,3,0.333333333,77,32,0,46.23,139,2,1,0.179773926,6580.69,2233.822517
90000774,0,230823.95,3,0,60,33,0,65.99,198,3,1,0.47823741,230823.95,234.9419564
90000775,0,124908.91,3,0.333333333,32,125,0,12.86,26,1,1,0.537363799,3737.97,357.5405027
90000776,0,8260.83,5,0.2,68,123,0,44.68,179,2,1,0.313173971,468,16.10703715
90000777,0,86451925.99,1,1,56,32,0,203.41,204,3,1,0.101771663,3424759.84,0
90000778,0,1440194.73,1,0,29,82,0,120.32,121,3,1,0.028393426,0,539.705466
90000779,0,90063.61,2,0.5,56,123,0,99.07,199,1,1,0.255606549,1886.75,165.6760548
90000780,0,65.72,1,0,13,33,0,101.61,102,3,1,0.113227389,65.72,1.699113333
90000781,0,322103.91,3,0.333333333,23,32,0,24.65,50,1,1,0.276537378,33851.17,1911.803159
90000782,0,974422.74,1,0,50,82,0,15.94,16,2,1,0.05337471,0,1873.711619
90000783,0,324560.67,2,0.5,57,166,0,55.23,111,5,1,0.082000933,30.29,1193.200931
90000784,0,254016.48,2,0.5,95,82,0,129.66,389,1,1,0.064185093,46962.1,365.6378823
90000785,1,1868602.85,2,0.5,0,82,0,62.15,125,1,1,0.356668596,72834.06,12163.62572
90000786,0,3417004.92,3,0,63,82,0,91.34,275,3,1,0.179499099,3417004.92,21568.14673
90000787,0,11414.48,25,0.32,22,32,0,7.15,79,1,10,0.529262403,4545.11,71.42754944
90000788,0,1314079.93,1,0,60,186,0,40.27,41,5,1,0.258844095,0,4678.006519
90000789,0,371601.24,2,0,56,90,0,45.84,46,4,1,0.531867209,371601.24,490.993424
90000790,1,3978344.73,127,0.42519685,0,166,0,1.28,77,2,38,0.245931532,89025.91,8655.180599
90000791,2,33520682.51,1,0,0,123,0,18.67,38,4,1,0.037424629,0,675314.1544
90000792,0,1263289.91,3,0,36,32,0,54.87,165,2,1,0.087084949,1263289.91,10744.40294
90000793,1,79354.08,64,0.296875,0,32,0,3.52,113,1,18,0.239941833,16576.79,509.9895137
90000794,0,308694.4,1,0,44,125,0,39.89,40,1,1,0.278103942,308694.4,4432.283924
90000795,0,17776.5,106,0.41509434,16,82,0,1.75,99,3,3,0.06822581,282.01,69.52140382
90000796,1,3407596.64,1,0,0,125,0,73.48,74,1,1,0.261662241,0,5703.890119
90000797,0,854837.41,3,0,36,82,0,83.16,167,1,1,0.482248059,854837.41,640.9988154
90000798,0,22889.56,71,0.295774648,22,166,0,2.96,122,3,11,0.132362281,233.76,4.498278357
90000799,0,1285561.63,2,0,25,186,0,31.3,63,2,1,0.296902193,1285561.63,1952.297244
90000800,0,15064.78,1,0,53,125,0,4.26,9,1,1,0.072612551,15064.78,19.40436118
90000801,0,475535.79,1,0,56,186,0,63.58,64,2,1,0.115953341,475535.79,17.76451336
90000802,0,1955205.88,1,0,44,90,0,151.23,303,5,1,0.038862381,0,20374.00837
90000803,1,10102770.94,313,0.408945687,0,125,0,0.6,100,2,23,0.74033916,12.6,9337.462803
90000804,0,218859.64,3,0,31,32,0,51.41,155,2,1,0.179238454,0,5525.591726
90000805,0,530506.99,14,0.285714286,37,82,0,17.61,177,2,1,0.231908893,21036.51,1734.728079
90000806,1,8424339.38,3,0.333333333,0,32,0,28.88,87,2,1,0.601872926,553929.39,8381.24045
90000807,1,93360.3,2,1,0,186,0,88.43,266,2,1,0.491161398,6828.61,0
90000808,0,3767700.77,30,0.233333333,39,82,0,6.82,89,3,2,0.305795904,69408.75,34874.33904
90000809,1,47363.65,1,0,0,133,0,94.77,190,1,1,0.620948594,47363.65,707.0863631
90000810,1,241827.3,1,1,0,90,0,21.8,22,2,1,0.426849756,516.34,0
90000811,0,4303.23,1,0,52,32,0,18.94,19,1,1,0.066252025,4303.23,59.67505623
90000812,1,3985749.46,275,0.385454545,0,166,0,0.68,86,2,57,0.355903561,491.55,473.0942272
90000813,0,393395.78,48,0.270833333,52,90,0,3.21,90,1,33,0.239111351,9016.95,1569.883726
90000814,0,245403.24,5,0.2,62,90,0,27.6,83,3,1,0.166065188,1581.45,1889.996121
90000815,0,631733.99,70,0.314285714,72,125,0,2.73,88,4,2,0.098515617,25739.53,2277.385204
90000816,0,2190364.56,257,0.307392996,61,90,0,0.73,98,2,33,0.11758168,4245.68,1263.117057
90000817,0,49.76,11,0.363636364,53,32,0,15.05,121,2,3,0.066964031,27.77,0.557846767
90000818,0,342423.97,4,0.75,49,123,0,43.69,132,3,1,0.159556553,386.36,1.414754255
90000819,2,439661585.5,6,0.5,0,32,0,21.9,88,1,1,0.048223622,1.16,1722656.653
90000820,0,12185.27,3,0.333333333,38,123,0,40.35,41,3,1,0.485442437,2408.53,53.78481479
90000821,0,1750141.21,2,0.5,25,32,0,2.69,6,2,1,0.188014055,114255.34,1448.961662
90000822,0,8439.28,2,0,59,82,0,65.07,131,1,1,0.219085929,8439.28,81.88379053
90000823,0,838787.21,1,1,46,82,0,10.76,11,2,1,0.05504719,1863.49,0
90000824,2,3233126.05,1,0,0,123,0,129.72,260,3,1,0.23232009,3233126.05,5796.782215
90000825,0,308213.06,55,0.327272727,32,123,0,2.78,84,2,2,0.276630587,18384.28,258.080891
90000826,2,35722404.69,3,0.666666667,0,90,0,33.37,101,1,1,0.119909902,486854.52,101160.2945
90000827,0,183773.06,1,0,42,90,0,109.11,219,2,1,0.377799811,183773.06,16.77529737
90000828,0,1583412.33,2,0.5,64,90,0,113.34,341,2,1,0.019704836,3726.75,699.1685901
90000829,0,984106.64,3,0.333333333,58,123,0,24.48,49,3,1,0.054463922,5146.54,6288.111422
90000830,0,11803.07,1,0,19,82,0,134.64,135,3,1,0.163034283,0,4.098560362
90000831,0,14430.57,15,0.2,19,90,0,10.43,84,3,6,0.073657969,1060.97,102.0132405
90000832,1,44694.68,55,0.327272727,0,32,0,3.94,111,2,20,0.186609887,10729.77,59.69840722
90000833,0,1095649.08,1,0,41,123,0,111.84,224,2,1,0.075805175,0,2016.832712
90000834,2,849353986.3,5,0.6,0,32,0,40.9,123,2,1,0.225535911,0.06,1313458.903
90000835,1,3854087.2,167,0.377245509,0,186,0,1.16,91,1,21,0.127708613,183.46,28968.26596
90000836,0,48795.11,16,0.25,56,82,0,9.54,96,3,3,0.073011823,1146.86,26.74360178
90000837,1,203013.64,49,0.346938776,0,32,0,4.14,112,1,24,0.455624788,18308.4,121.8342978
90000838,2,762368.05,3,0,0,123,0,38.62,155,2,1,0.109567391,0,157.9940478
90000839,0,84921,1,0,54,90,0,57.35,58,3,1,0.142742487,0,104.5261174
90000840,0,561612.03,89,0.303370787,34,32,0,2.1,91,2,16,0.205910335,1052.77,7682.458015
90000841,0,0.05,1,0,46,125,0,121.89,122,3,1,0.301751998,0,0.000280681
90000842,0,1398825.12,4,0.5,58,82,0,70.88,71,2,3,0.337711215,7145.84,3620.017032
90000843,1,721221.55,2,0,0,32,0,32.13,65,2,1,0.291498077,721221.55,9399.324475
90000844,0,649628.2,178,0.314606742,15,82,0,0.95,91,2,39,0.426297168,258.9,183.801078
90000845,0,266675.22,6,0.333333333,47,82,0,34.47,138,2,1,0.139613079,21177.78,1151.831023
90000846,0,1097438.82,60,0.316666667,14,82,0,3.54,117,1,60,0.094483518,80672.22,8400.373136
90000847,0,1287343.7,143,0.398601399,70,82,0,1.3,93,2,17,0.270910282,85782.67,7355.141387
90000848,1,2543999.46,2,0,0,82,0,28.09,57,2,1,0.606845628,2543999.46,939.161768
90000849,1,11949538.53,612,0.405228758,0,32,0,0.32,96,1,32,0.347706395,2419.58,32633.56032
90000850,0,127627.17,1,0,40,123,0,196.04,393,2,1,0.0997483,0,7.826721296
90000851,0,428987.68,1,0,32,123,0,27.92,56,3,1,0.346034761,428987.68,4232.117491
90000852,0,415807.05,36,0.277777778,71,32,0,4.45,98,1,11,0.159978676,7125.49,1437.866949
90000853,1,936.16,1,0,0,90,0,31.59,32,1,1,0.183846912,0,5.404918235
90000854,0,700606.26,1,0,69,32,0,70.53,142,3,1,0.203611673,0,3176.783261
90000855,1,338481,57,0.385964912,0,90,0,4.1,115,3,2,0.301893822,69997.33,51.13777144
90000856,0,1041112.69,161,0.279503106,60,32,0,0.99,76,2,75,0.141106117,2321.15,2108.165494
90000857,0,1768031.55,2,1,59,33,0,113.43,114,1,1,0.1674876,893.51,0
90000858,0,42958.88,82,0.317073171,55,123,0,2.19,79,2,3,0.186833379,547.43,254.3125939
90000859,0,41924.97,1,0,45,32,0,87.59,88,2,1,0.130469365,41924.97,131.1247168
90000860,0,77139.07,3,0,23,123,0,55,111,1,1,0.351635406,77139.07,95.58711726
90000861,0,3808939.19,2,0,19,123,0,37.52,76,1,1,0.188399814,0,656.4676794
90000862,1,706529.31,1,0,0,125,0,32.51,33,2,1,0.411925264,706529.31,24.56684633
90000863,0,37178.02,1,0,53,90,0,151.26,152,1,1,0.211450801,0,692.9392263
90000864,0,58220.8,1,1,65,32,0,144.36,289,1,1,0.162748572,18638.79,0
90000865,0,1507635.53,32,0.21875,76,90,0,4.65,94,4,1,0.233104041,14718.73,10383.03848
90000866,0,182.92,17,0.235294118,45,90,0,9.87,79,3,2,0.064345323,55.31,0.152851134
90000867,0,651211.39,154,0.305194805,18,186,0,1.18,102,4,24,0.184180538,10254.3,691.1658366
90000868,0,1953461.82,4,0,16,125,0,40.19,121,3,1,0.524931109,1953461.82,15982.91996
90000869,0,3210.73,2,0.5,37,32,0,64.56,130,2,1,0.304513398,628.62,1.11243188
90000870,0,641659.31,3,0.666666667,49,82,0,31.68,96,2,1,0.071024232,32695.26,7854.666615
90000871,0,1567275.18,2,0,17,123,0,42.29,85,1,1,0.413192516,0,332.4161447
90000872,1,38478.14,274,0.427007299,0,123,0,0.64,91,1,22,0.381442992,2094.96,418.9754204
90000873,0,5253.74,1,0,31,32,0,39.34,40,2,1,0.139231629,0,6.547466069
90000874,1,21083761.92,82,0.426829268,0,123,0,2.03,94,2,21,0.21769754,22.51,11258.14833
90000875,0,438781.3,1,0,54,186,0,96.23,193,1,1,0.068272367,0,4141.732217
90000876,0,662359.52,5,0.4,50,32,0,35.69,143,1,2,0.317029927,9320.04,201.7229356
90000877,0,887736.51,3,0.333333333,51,166,0,60.18,121,2,1,0.249485746,2102.3,939.3477963
90000878,2,335939067.4,42,0.285714286,0,125,0,3.31,50,2,1,0.144408763,5310930.23,8136591.604
90000879,0,14436.45,2,0.5,47,90,0,96.51,97,3,1,0.331882856,421.57,200.4666076
90000880,1,5282135.76,150,0.366666667,0,90,0,1.26,98,3,66,0.112732478,9.4,6597.720674
90000881,1,3247188.73,1,0,0,186,0,65.87,66,1,1,0.58197414,0,15458.04729
90000882,2,489461.06,8,0.125,0,32,0,23.26,140,1,8,0.122931356,18896.63,0.186483583
90000883,0,15222.34,14,0.428571429,49,82,0,16.09,113,2,4,0.34360823,688.35,48.24963673
90000884,0,382833.39,39,0.282051282,59,33,0,4.24,73,2,3,0.321248978,31747.27,120.1826155
90000885,0,2735.38,1,1,48,82,0,28.43,57,1,1,0.346011032,280.8,0
90000886,0,138523.77,5,0.8,65,82,0,23.99,96,1,1,0.068639482,10114.05,99.48603243
90000887,0,152104.59,1,1,45,32,0,128.71,258,2,1,0.284959619,10854.73,0
90000888,0,25597.72,1,0,67,32,0,16.75,34,3,1,0.15935043,0,387.5778963
90000889,0,9620509.29,2,0.5,46,125,0,55.69,112,2,1,0.088597035,2307835.19,175610.4921
90000890,0,554903.1,53,0.301886792,43,125,0,4.05,118,4,3,0.151196957,126605.6,123.5866875
90000891,0,1078771.87,3,0.666666667,50,90,0,30.04,91,1,1,0.094294349,96913.3,259.1286191
90000892,0,722274.65,1,0,57,133,0,12.37,13,1,1,0.154798997,0,638.079053
90000893,0,326815.06,1,1,19,125,0,82.92,166,5,1,0.122063631,17683.1,0
90000894,0,211958.82,5,0,24,82,0,18.6,112,1,2,0.440860338,211958.82,107.5275379
90000895,0,529117.48,5,0.2,34,82,0,59.25,297,3,1,0.245337369,112784.21,1496.110131
90000896,0,392370.7,3,0.333333333,62,32,0,30.55,92,2,1,0.018092428,6132.79,1096.096074
90000897,0,895746.99,93,0.301075269,36,123,1,2.48,107,1,18,0.275527491,670.74,3312.334568
90000898,0,602019.06,4,0.25,23,32,0,50.49,152,2,1,0.084488111,21668.48,1494.892936
90000899,0,111581.98,1,0,47,123,0,173.19,174,1,1,0.202647057,0,728.4620049
90000900,0,1717986.91,2,0.5,41,186,0,34.12,69,1,1,0.143825558,124150.83,1430.132624
90000901,0,1155722.65,4,0.5,30,90,0,44.23,133,4,1,0.265547647,9048.6,7469.384636
90000902,0,120029.34,6,0.5,67,123,0,51.51,258,2,1,0.367100662,596.41,180.0493005
90000903,0,174249.29,22,0.318181818,17,186,0,7.67,123,2,3,0.134603739,5324.03,6.715630526
90000904,1,2427.25,32,0.5,0,82,0,4.68,80,2,3,0.244991078,22.69,0.066976018
90000905,0,220154.47,224,0.348214286,44,166,0,0.83,89,3,19,0.093604605,10555.03,39.55301714
90000906,0,654711.61,1,0,55,125,0,86.93,174,2,1,0.087081568,0,490.4091197
90000907,2,77092283.62,1,0,0,125,0,31.35,63,1,1,0.22451895,77092283.62,184390.826
90000908,0,432707.5,2,0,36,82,0,33.34,34,1,1,0.197741567,0,139.1509467
90000909,0,8825511.12,2,0,64,186,0,33.07,34,1,1,0.112280625,0,10543.53098
90000910,2,48281432.83,4,0.5,0,90,0,22.84,92,2,1,0.186008887,4696074.61,643984.8707
90000911,0,86321.23,1,0,34,32,0,69.78,140,2,1,0.016011498,0,82.85753757
90000912,0,243165.94,2,1,57,125,0,46.48,140,2,1,0.563793468,1686.3,0
90000913,0,53440.62,143,0.300699301,57,32,0,1.23,84,2,30,0.608602603,11368.1,165.934288
90000914,1,7863385.62,49,0.408163265,0,125,0,3.16,80,2,4,0.258762129,28.16,13338.5676
90000915,0,560.94,1,1,53,166,0,78.11,157,2,1,0.172066141,40.57,0
90000916,1,3120.77,4,0.75,0,125,0,23.83,96,2,1,0.627870384,385.38,6.843152794
90000917,0,723345.14,53,0.283018868,40,123,0,3.92,99,4,13,0.186292129,5500.32,802.8830838
90000918,0,412396.98,88,0.397727273,49,90,0,2.15,97,2,13,0.010615833,14012.43,275.6377859
90000919,0,191283.49,55,0.345454545,74,125,0,4.18,109,2,39,0.039829182,18868.81,991.1001929
90000920,2,12701131.62,1,1,0,125,0,22.34,23,2,1,0.110735023,236.76,0
90000921,0,10610.99,2,0,65,123,0,21.48,43,3,1,0.218215066,10610.99,41.1943025
90000922,0,444090.99,1,0,63,123,0,167.28,335,1,1,0.405384375,0,568.3294703
90000923,0,112019.87,1,0,20,32,0,154.97,155,4,1,0.371530873,0,793.6408301
90000924,2,82747136.7,79,0.417721519,0,82,0,1.85,73,3,15,0.083217329,3389.93,221256.5939
90000925,2,61811815.81,6,0.5,0,133,0,25.64,129,1,1,0.08030813,64.6,18908.57625
90000926,1,74378.48,121,0.421487603,0,82,0,1.29,82,1,99,0.572958909,679.47,462.7464835
90000927,0,50206.74,2,0.5,62,32,0,31.2,63,1,1,0.179322686,1419.43,209.3486039
90000928,0,437147.49,73,0.246575342,37,90,0,2.75,116,2,1,0.129727135,7461.22,434.6395279
90000929,0,80692.95,64,0.28125,43,82,0,2.52,84,1,10,0.40537723,2523.33,372.3467257
90000930,1,7802667.18,18,0.5,0,32,0,9.87,89,1,4,0.167460585,510314.99,10930.21052
90000931,0,94828.6,18,0.333333333,28,32,0,6.11,49,2,4,0.162207513,7693.24,86.68602314
90000932,0,3.59,1,0,44,32,0,111.1,223,1,1,0.437459652,0,0.017803042
90000933,0,1502318.92,89,0.393258427,67,82,0,2.39,130,1,2,0.150700866,12171.83,18497.91317
90000934,0,1055263.33,309,0.25566343,40,32,0,0.59,94,2,65,0.166869532,15182.54,1989.883999
90000935,0,419456.24,3,0.666666667,22,186,0,18.34,37,3,2,0.206553894,95524.74,738.9873823
90000936,0,10019.27,2,0.5,46,123,0,60.97,183,3,1,0.054139834,688.13,11.34984347
90000937,0,936380.01,1,1,36,123,0,294.33,295,3,1,0.255608683,30898.25,0
90000938,0,87959.95,1,1,21,186,0,80.98,81,1,1,0.370419176,0.36,0
90000939,2,12976021.41,77,0.480519481,0,90,0,2.59,96,2,2,0.078494949,1.24,14144.28574
90000940,1,4717786.38,2,0.5,0,32,0,35.59,72,2,1,0.238694438,11807.74,10154.98187
90000941,0,1387029.29,60,0.266666667,48,32,0,2.55,77,1,5,0.316179611,233.69,43.95710358
90000942,1,5467548.61,1,1,0,33,0,240.62,241,2,1,0.327188245,286520.33,0
90000943,0,1494600.36,2,0,45,82,0,82.62,83,2,2,0.510011943,1494600.36,111543.9867
90000944,1,26384256.77,323,0.40247678,0,82,0,0.56,87,2,93,0.054833777,10896.8,101723.6183
90000945,0,11765771.56,126,0.301587302,21,123,0,1.42,83,2,54,0.095086718,294362.92,15070.91051
90000946,1,9613.31,1,0,0,82,0,137.46,275,4,1,0.579473771,9613.31,19.24236801
90000947,0,321702.04,3,0,56,82,0,40.46,81,2,1,0.417758842,0,34.54501345
90000948,2,105941819.7,4,0.25,0,82,0,9.32,19,2,1,0.076117701,46454.4,336892.7511
90000949,0,246714.63,2,0.5,46,32,0,98.43,197,1,1,0.408386701,16582.4,1570.884004
90000950,0,329006.2,35,0.285714286,25,125,0,4.39,40,1,13,0.129660484,125.57,14.13084524
90000951,0,242617.33,8,0,35,123,0,20.1,101,3,3,0.134563578,0,5047.344567
90000952,1,3349.68,1,0,0,33,0,29.9,30,2,1,0.540896031,3349.68,37.35088359
90000953,2,390109147.9,3,0.333333333,0,32,0,22.42,68,1,1,0.23651677,3450.06,3713045.362
90000954,0,1287284.96,1,0,40,32,0,152.57,153,1,1,0.157953374,1287284.96,198.7266218
90000955,2,2343555216,1,0,0,32,0,62.05,63,3,1,0.083250209,2343555216,4080772.463
90000956,0,807181.07,6,0.5,37,82,0,12.72,64,2,1,0.231128353,2127.22,6123.512717
90000957,0,133394.51,3,0.333333333,30,32,0,32.57,98,1,2,0.130338178,440.79,70.29142767
90000958,0,755671.42,1,0,34,90,0,147.62,148,3,1,0.219699352,0,7900.868673
90000959,0,462090.66,1,1,69,166,0,92.83,186,1,1,0.346325334,0.13,0
90000960,0,131866.96,1,0,77,90,0,57.97,58,3,1,0.281027359,0,355.30786
90000961,0,8369.97,15,0.266666667,60,123,0,10.38,84,3,3,0.187933149,241.8,15.96013209
90000962,1,1847436.61,3,0.333333333,0,32,0,20.25,21,2,1,0.083699553,114137.71,5583.05389
90000963,0,954.59,24,0.458333333,47,90,0,8.24,75,1,5,0.131734867,201.41,9.469748431
90000964,2,7815282.55,3,0.333333333,0,33,0,29.52,89,2,1,0.21854494,42766.52,14302.86778
90000965,1,60245.12,2,1,0,186,0,15.14,31,2,1,0.202441576,5507.7,0
90000966,1,63959984.38,188,0.324468085,0,32,0,0.89,90,3,73,0.048018356,170.66,174112.8317
90000967,0,68380.04,4,0.25,62,123,0,30.26,61,2,1,0.314282389,3848.2,455.1687564
90000968,0,1326095.32,20,0.4,44,32,0,8.35,109,3,7,0.236162751,14966.57,12889.1655
90000969,0,1472757.95,59,0.305084746,15,32,0,3.28,105,2,28,0.572192414,180010.49,1091.247867
90000970,0,843891.93,29,0.172413793,34,186,0,7.93,112,1,19,0.521683111,28655.21,3181.27519
90000971,2,461787.93,28,0.535714286,0,82,0,3.99,72,4,19,0.166681699,14590.93,1714.72274
90000972,0,17341419.75,2,0,21,125,0,32.05,97,3,1,0.4187617,17341419.75,192459.004
90000973,0,2173565.24,53,0.264150943,95,166,0,3.37,88,1,3,0.152542635,126732.5,160.3854114
90000974,0,228389.93,3,0,45,90,0,13.91,28,1,1,0.579688619,228389.93,117.2166805
90000975,1,32344672.29,2,0,0,123,0,53.98,108,5,1,0.381819028,0,571127.1265
90000976,0,474759.08,22,0.454545455,66,32,0,10.8,130,2,19,0.448403004,49286.66,807.678708
90000977,0,1401027.58,1,1,42,186,0,95.54,192,1,1,0.069882153,202522.5,0
90000978,0,107718.13,1,0,53,32,0,75.35,151,3,1,0.198312787,0,1121.65792
90000979,0,4703.06,3,0,51,186,0,45.91,184,1,3,0.01376789,0,22.47859452
90000980,0,4785.61,16,0.375,66,90,0,9.45,86,2,2,0.277059028,370.78,0.081150088
90000981,0,25444.09,1,1,45,123,0,35.76,72,2,1,0.05047197,4906.95,0
90000982,0,165304.87,268,0.287313433,41,90,0,0.7,102,3,3,0.36834759,493.69,103.3027029
90000983,0,616419.49,8,0.125,41,90,0,24.56,123,3,1,0.454755958,36479.76,12167.86204
90000984,0,439902.28,193,0.29015544,51,32,0,0.98,102,1,80,0.072649399,9204.41,57.65744496
90000985,0,648206.89,1,0,66,82,0,74.95,150,2,1,0.460813902,648206.89,2069.319229
90000986,1,304596.21,71,0.436619718,0,123,0,2.58,83,1,14,0.208945615,3823.5,124.6997322
90000987,1,675275.44,2,1,0,90,0,37.08,112,5,1,0.026232124,45389.11,0
90000988,2,4640235.04,3,0,0,82,0,26.03,53,1,3,0.181711242,4640235.04,9594.155541
90000989,1,1498926.59,35,0.371428571,0,186,0,5.38,103,2,1,0.694202114,64396.09,14072.20217
90000990,2,8416597.2,148,0.391891892,0,32,0,1.38,100,2,34,0.160359793,37067.85,2066.987905
90000991,0,1227092.51,9,0.555555556,41,123,0,13.11,66,1,2,0.214110098,2144.51,1565.054725
90000992,0,263370.54,2,0,32,32,0,47.4,48,3,1,0.256572011,0,359.8782863
90000993,2,634575.77,36,0.361111111,0,82,0,5.38,103,1,13,0.162607407,126.71,68.37368141
90000994,0,90552.1,95,0.315789474,26,82,0,1.88,95,2,57,0.459715862,9681.33,627.8374329
90000995,0,84410.23,19,0.315789474,46,186,0,7.14,65,1,3,0.368196311,2876.27,111.633378
90000996,0,26985988.64,341,0.281524927,73,125,0,0.53,91,2,25,0.428901834,901459.65,212789.8589
90000997,0,761808.52,9,0.111111111,49,123,0,15.24,61,3,2,0.449327929,468.22,87.57602553
90000998,0,318523.84,2,0.5,50,33,0,90.67,273,4,1,0.531575184,12181.54,2370.8366
90000999,1,192994.64,145,0.393103448,0,82,0,1.28,95,3,24,0.2389666,6118.24,1098.724516